Price,Close,High,Low,Open,Volume,symbol
Ticker,M&M.NS,M&M.NS,M&M.NS,M&M.NS,M&M.NS,
Date,,,,,,
2015-01-01,559.4360961914062,562.4886757154677,556.2930367440241,559.8656964130543,713338,M&M
2015-01-02,553.828369140625,562.4433935624597,552.8560550173125,556.3608684540276,1279856,M&M
2015-01-05,551.0245971679688,564.3881364222082,550.3688798283873,551.7707944468982,1456708,M&M
2015-01-06,547.9494018554688,553.6927522520388,543.1330981457786,549.4643748935229,2579114,M&M
2015-01-07,553.602294921875,556.8809916160197,543.8114172012489,548.1076404556454,2189814,M&M
2015-01-08,559.6848754882812,563.8228282807211,556.2479075879583,556.2479075879583,1672412,M&M
2015-01-09,559.9561767578125,563.4836244177703,554.0771341274506,562.036497544345,1532294,M&M
2015-01-12,557.6045532226562,559.7752986259438,550.3688088174961,558.1924795373151,897684,M&M
2015-01-13,564.7499389648438,570.312385004356,556.2479162125361,556.2479162125361,1478978,M&M
2015-01-14,559.3909912109375,570.9455954420239,553.7380645233927,563.1671904017071,2831716,M&M
2015-01-15,578.0003662109375,585.1908991188799,566.8302065243363,569.3627063297293,2859036,M&M
2015-01-16,589.984619140625,593.7155506131049,576.3950170210566,577.5029685281096,2131084,M&M
2015-01-19,602.4661865234375,603.7324639603012,586.0953357996632,590.1202299336023,1362458,M&M
2015-01-20,599.3231201171875,605.5413377377205,594.8234138117042,602.9183584051387,1838290,M&M
2015-01-21,599.2327880859375,605.9936654810172,594.7104472987656,605.0891973235828,1391960,M&M
2015-01-22,601.4486694335938,604.2299199592716,594.6877922799094,599.2101329056122,1815350,M&M
2015-01-23,615.8976440429688,622.1158630412644,602.0592913494518,604.1847695798529,4563196,M&M
2015-01-27,598.9613647460938,615.0383072866887,593.8285193254171,614.8800364102426,2382932,M&M
2015-01-28,595.275634765625,603.2801544634999,589.2609004992057,598.9612976927614,1659912,M&M
2015-01-29,586.4572143554688,596.9263898103782,579.9450321480781,595.3662042168099,2952528,M&M
2015-01-30,572.121337890625,588.7635745330183,569.814955065754,588.3565528099572,1628740,M&M
2015-02-02,561.3128662109375,581.0981053849664,557.8758985610049,572.2117506965685,1455970,M&M
2015-02-03,542.319091796875,564.8177374902216,539.1082408392988,561.7199450537174,4694416,M&M
2015-02-04,547.6328125,551.6803404568383,542.6808716281345,543.9923614421064,1828968,M&M
2015-02-05,533.5003662109375,549.5773051391635,531.4879472246878,547.6553108607504,4854858,M&M
2015-02-06,519.9561157226562,533.726620906629,516.9035357869068,532.3247063473777,4184102,M&M
2015-02-09,503.5173645019531,513.0142788388337,500.306514028925,512.3811401755054,5283110,M&M
2015-02-10,515.63720703125,521.3127660585848,498.3618895654395,501.5727400635124,4016676,M&M
2015-02-11,512.5620727539062,521.3127904003021,507.8588276899061,516.6321791200764,2159236,M&M
2015-02-12,513.0369873046875,522.0590913314953,511.79334344571384,518.6447015642048,2265072,M&M
2015-02-13,539.311767578125,542.2286552766453,508.13019502154657,512.8334404367938,5989004,M&M
2015-02-16,547.4066772460938,555.3434068111698,532.0985658760861,542.5225826866518,4291626,M&M
2015-02-18,555.4337158203125,561.6745664178018,546.3212458828835,548.1075479052945,3603180,M&M
2015-02-19,565.247314453125,569.3399992246523,552.1777401923064,559.4134845355306,2829468,M&M
2015-02-20,566.1970825195312,572.2796089680503,561.6747416048386,568.3225606676941,1295648,M&M
2015-02-23,570.3802490234375,576.3723507475688,564.4107810856684,567.938173883675,2705104,M&M
2015-02-24,569.2269897460938,573.8850226499743,563.1896760805994,570.2671501667593,1833458,M&M
2015-02-25,573.0257568359375,579.4022459348058,569.8149061043154,569.8149061043154,1399182,M&M
2015-02-26,565.1116943359375,574.3146468069247,563.0087948267549,572.9805783550067,4445506,M&M
2015-02-27,579.0857543945312,582.4775100821213,565.3604607529552,567.9608067801074,2313528,M&M
2015-03-02,578.02294921875,591.8839335844661,569.159173076358,585.6882941143716,2758186,M&M
2015-03-03,556.994140625,568.9104981259559,551.5221190527365,568.9104981259559,2632558,M&M
2015-03-04,547.7007446289062,570.1089678859771,545.0325522170062,567.5538340067477,2727706,M&M
2015-03-05,555.6373901367188,557.8533480766816,544.4898094912312,551.2733204068196,1604900,M&M
2015-03-09,545.7560424804688,555.7051910127625,543.1330630583973,553.5344456148862,1868972,M&M
2015-03-10,555.4564819335938,562.8052853786749,547.2936351020855,547.2936351020855,1823950,M&M
2015-03-11,569.9505615234375,572.3021563623494,550.9114649831472,553.8509861339613,1966554,M&M
2015-03-12,561.290283203125,570.3801762596335,557.717623288161,569.9505760084128,1995764,M&M
2015-03-13,555.2303466796875,566.6492562733849,551.9516498656556,566.6492562733849,1215886,M&M
2015-03-16,551.6124877929688,557.1523549587519,546.0952544116442,557.1523549587519,1130904,M&M
2015-03-17,557.265380859375,559.9787850266756,545.2811791204637,554.0997426641909,5156560,M&M
2015-03-18,549.6905517578125,557.5594361846044,547.2032641932975,556.2705800329545,1164304,M&M
2015-03-19,546.02734375,557.0844429907218,543.1330351032517,555.3433531280542,1550130,M&M
2015-03-20,526.9883422851562,544.9420113662719,522.0589802701018,544.9420113662719,3144054,M&M
2015-03-23,536.1234741210938,542.6808679420603,523.8000960782429,530.2217976004828,2470122,M&M
2015-03-24,539.0855712890625,553.240462616091,531.0131500832206,531.3749593713397,2037534,M&M
2015-03-25,547.3615112304688,549.4644107569529,539.0856606355084,539.0856606355084,1495138,M&M
2015-03-26,543.1784057617188,552.6301101763104,527.6893867162698,544.6481666930388,5380628,M&M
2015-03-27,537.4801635742188,544.9420253318751,530.1539941120785,544.1279819674812,1580906,M&M
2015-03-30,542.8165893554688,548.2886106931797,535.2642470822503,541.776428887715,1381266,M&M
2015-03-31,537.1636962890625,547.2032714184676,533.6362481601585,543.8115156038904,1622908,M&M
2015-04-01,543.6304321289062,546.2986235330568,532.7994508715559,537.2539443354896,1379942,M&M
2015-04-06,561.9685668945312,563.0313057078098,538.5202460470867,540.7814159495277,1813774,M&M
2015-04-07,573.817138671875,580.578070551789,556.9488424535182,562.5339216904214,1322082,M&M
2015-04-08,576.236572265625,579.6057488726856,568.5033814831233,576.5983815671714,1054736,M&M
2015-04-09,576.3948974609375,578.7917046659026,570.2671043530413,576.5983806900298,1213928,M&M
2015-04-10,581.9122924804688,583.3820534678879,572.5510676577296,576.1463070682861,928554,M&M
2015-04-13,564.2976684570312,580.1710725369918,561.2224548419102,580.1710725369918,1573142,M&M
2015-04-15,546.7056884765625,563.4835586772058,544.4218847163976,562.6243030444533,3648224,M&M
2015-04-16,555.5693969726562,558.5089175915591,543.2460220703324,547.225702836121,2282350,M&M
2015-04-17,553.7606201171875,559.8657800776465,549.0800085217065,557.1523756507759,914614,M&M
2015-04-20,537.1182250976562,553.7604560673275,534.8118430589458,550.8209354757083,3364204,M&M
2015-04-21,538.3621215820312,547.090262755474,531.3751260489208,538.1586382963538,1125000,M&M
2015-04-22,548.5371704101562,552.1776759409714,532.0306305478749,540.4195927514012,1662436,M&M
2015-04-23,542.1607666015625,552.1777616060476,534.9928681244508,552.1777616060476,1658818,M&M
2015-04-24,530.0634765625,544.9419866581864,528.2093281466902,541.4371730510486,4042390,M&M
2015-04-27,527.2822875976562,534.653724961163,519.5943084694348,528.2320233005078,2429722,M&M
2015-04-28,534.6310424804688,539.062958008926,520.0691289515645,527.6214150902521,1349770,M&M
2015-04-29,530.312255859375,535.7616428962864,525.0437182742371,534.9928671131977,1009096,M&M
2015-04-30,517.8079833984375,530.9001369668147,514.5066527762527,529.1138345643423,3247284,M&M
2015-05-04,543.8113403320312,546.7282273107036,520.5212912450461,520.5212912450461,1616036,M&M
2015-05-05,533.2969360351562,543.5852593718531,528.4127868309424,543.5852593718531,1315182,M&M
2015-05-06,526.0160522460938,536.3495893645659,523.890519064449,533.2970094925499,2243846,M&M
2015-05-07,529.453125,532.7318225496476,517.3558616271621,525.7900394681628,1957782,M&M
2015-05-08,533.7944946289062,546.5701076124884,531.3750532994354,531.8272873873498,954900,M&M
2015-05-11,540.08056640625,547.2032533820912,534.9929328520776,534.9929328520776,707060,M&M
2015-05-12,532.3245849609375,540.0804084403674,529.1137348756373,540.0804084403674,1630000,M&M
2015-05-13,545.80126953125,555.0042211304324,532.3020945865886,537.7062692394248,2096774,M&M
2015-05-14,554.958984375,556.880978945077,540.6684004948261,546.2534795575922,2122604,M&M
2015-05-15,564.863037109375,568.0964668319991,555.0495238009386,556.2479552331664,1670000,M&M
2015-05-18,571.4656372070312,573.6589615730411,556.9941458626581,563.0088263300481,942950,M&M
2015-05-19,567.0335083007812,577.5027349358261,562.8729781809427,571.4654229450622,1390012,M&M
2015-05-20,565.6316528320312,573.1387258903125,558.9612015993529,567.0335671349796,1165122,M&M
2015-05-21,564.8178100585938,571.0360295164821,561.4713215683843,567.5538487018099,1292072,M&M
2015-05-22,567.84765625,569.6791709019279,562.5112727510922,567.5536930971678,1502662,M&M
2015-05-25,569.7697143554688,575.8974528654563,564.7046596619987,567.8477195629558,756930,M&M
2015-05-26,571.1941528320312,575.6486465121874,566.1969452510732,569.7696047483983,705404,M&M
2015-05-27,552.9918212890625,569.136554876034,548.9895057623286,568.0059697451717,1997572,M&M
2015-05-28,541.84423828125,553.5118436536536,535.4677492143799,553.5118436536536,2378236,M&M
2015-05-29,568.9556884765625,573.3197584160453,528.9556059383883,540.4197288954242,6907312,M&M
2015-06-01,568.9556884765625,574.33728510225,560.7702626195197,568.9556884765625,1242246,M&M
2015-06-02,553.8057861328125,571.9629936104973,551.228074224768,569.3174355565884,1425648,M&M
2015-06-03,544.8741455078125,555.569491073624,542.7260339224647,554.5519645331962,1276568,M&M
2015-06-04,540.6910400390625,550.708035674631,533.6588334123498,545.8465194492134,1169336,M&M
2015-06-05,545.326416015625,556.5644210732362,538.203729756024,540.9849801935004,1311658,M&M
2015-06-08,545.5752563476562,552.1778634943497,537.5481006744174,546.2988199026818,1142562,M&M
2015-06-09,545.0325317382812,552.5622407721032,541.5503511446067,545.4395534814748,962068,M&M
2015-06-10,551.9515991210938,556.2478221376037,542.7712268040763,543.5852700889428,936760,M&M
2015-06-11,537.072998046875,554.4387917999092,535.8972008832727,554.4387917999092,1028418,M&M
2015-06-12,539.4925537109375,542.228591621962,531.8272091304648,538.158485429637,1206728,M&M
2015-06-15,551.8612060546875,555.4564444929716,538.6107269620429,540.4196630727466,1435222,M&M
2015-06-16,557.5819091796875,560.3179470642829,550.7531865638415,558.4863772136896,1340132,M&M
2015-06-17,566.8980102539062,569.3400299380019,553.3083550944476,558.735163644618,2391462,M&M
2015-06-18,567.078857421875,573.184017016196,563.0540185935442,567.6215713973141,1893300,M&M
2015-06-19,590.4141845703125,599.0744224424914,566.9205926094485,567.1014972698626,3766568,M&M
2015-06-22,593.3310546875,598.1247244238308,586.9997781893102,592.42658661633,1686240,M&M
2015-06-23,604.2299194335938,605.5414092547772,591.0699192651186,593.7833236381796,1157398,M&M
2015-06-24,588.967041015625,606.852920899674,584.919568095328,605.9710313241026,1481094,M&M
2015-06-25,587.8138427734375,592.7431497759349,577.7290013337764,579.1987620025316,2473112,M&M
2015-06-26,589.75830078125,595.9991515595168,584.7385148270829,587.9493649271832,1320310,M&M
2015-06-29,580.7362670898438,585.6429946528232,577.2766661577829,583.3818247892988,1287240,M&M
2015-06-30,579.9224243164062,583.1785431680148,572.1440193788931,582.5454043465053,2502056,M&M
2015-07-01,582.4774169921875,588.8086932638416,575.7165404838388,578.8595448369565,1826964,M&M
2015-07-02,593.9867553710938,599.1196556951342,583.0427140972745,584.2863576604061,1513902,M&M
2015-07-03,593.6250610351562,601.426098716489,591.5221615758393,596.9489703976359,1733252,M&M
2015-07-06,597.7403564453125,599.413600350973,585.6430955904518,587.4520317930478,1210678,M&M
2015-07-07,595.9539794921875,603.2801481146909,592.8787662506445,596.0444042092673,1246580,M&M
2015-07-08,578.4751586914062,593.3762475935899,576.3722594540194,593.331035232384,2030192,M&M
2015-07-09,571.6238403320312,584.1281228801648,570.2671381793444,584.1281228801648,958292,M&M
2015-07-10,565.0890502929688,575.173835968415,563.1896342577211,568.9104057378466,3604156,M&M
2015-07-13,573.2518920898438,575.2417330248255,565.7674514061976,574.3372648911387,1739946,M&M
2015-07-14,574.3146362304688,576.1462062992686,565.744822669062,574.3372700157544,913798,M&M
2015-07-15,582.4774169921875,585.1908211086107,574.3598384256272,575.2416726817255,1395890,M&M
2015-07-16,582.8655395507812,588.7313876114939,578.4832745575865,583.3905108578383,1644288,M&M
2015-07-17,591.8810424804688,594.209115072839,580.6514732463502,586.0836797775553,2085314,M&M
2015-07-20,600.0065307617188,601.1933858305011,590.192060150211,595.7155417682643,1363818,M&M
2015-07-21,592.7940673828125,603.9323624610375,588.3205277616554,601.1478026223605,836144,M&M
2015-07-22,612.7196655273438,616.2574397183192,591.1506551372025,592.5657536688908,1867150,M&M
2015-07-23,620.3202514648438,624.4742723952846,614.2261606091982,615.3445315707922,2399756,M&M
2015-07-24,606.99072265625,622.0547931858481,604.3887691269049,622.0547931858481,719700,M&M
2015-07-27,600.7140502929688,611.6925850225161,598.5000994694925,602.106357943805,900076,M&M
2015-07-28,599.8239135742188,611.4643319883303,596.4231077387158,602.5628355540097,1242534,M&M
2015-07-29,600.5315551757812,605.7583095589064,593.4331593267357,604.3432108621382,1372156,M&M
2015-07-30,601.5358276367188,613.290369516169,598.5458150828299,605.1420865813315,1368146,M&M
2015-07-31,622.4656982421875,630.8650706751852,603.9323361094572,606.488652313366,2508732,M&M
2015-08-03,610.7340087890625,618.0834388298549,608.0407241664452,618.0834388298549,831716,M&M
2015-08-04,622.7852172851562,625.3415332620378,610.2546160854322,612.2860166072245,1124208,M&M
2015-08-05,633.0791015625,634.494200378781,616.097804320086,623.5613570018683,1282268,M&M
2015-08-06,637.8264770507812,642.482622280373,627.0761856366344,632.9192416753682,1255418,M&M
2015-08-07,634.6539306640625,658.2771341153957,632.234527151622,636.7993973837637,4958870,M&M
2015-08-10,620.685302734375,636.7764682172669,617.1703754005642,629.9520103940671,1431622,M&M
2015-08-11,611.4872436523438,624.9079182016486,609.4102053073951,622.1462050124552,1486050,M&M
2015-08-12,593.1593017578125,611.4644218687542,591.1507475326889,611.2361783368883,1515180,M&M
2015-08-13,611.5099487304688,615.3444505163703,593.8895624048945,594.8481739204929,1535240,M&M
2015-08-14,629.1075439453125,630.7737325704933,613.9749893820133,615.3444503248727,1466162,M&M
2015-08-17,616.7368774414062,629.9065182497279,614.0663835064315,629.9065182497279,790168,M&M
2015-08-18,623.0819091796875,626.1860430731724,616.7595753660784,618.1290363678787,844484,M&M
2015-08-19,623.4015502929688,632.097595151814,615.6640613698512,624.017796665089,1065202,M&M
2015-08-20,609.296142578125,627.761023054991,606.0550953880814,625.3873124795139,1406780,M&M
2015-08-21,603.5899658203125,607.0364651314184,587.9552852914067,603.9323310873689,1548770,M&M
2015-08-24,567.5274658203125,592.5201292055224,559.1965780252426,586.540160617873,2079760,M&M
2015-08-25,571.0424194335938,581.5416209681307,559.6530904931428,570.6087790509205,2133382,M&M
2015-08-26,554.8599853515625,576.0866322613508,550.1125090915522,572.9597072483751,2001506,M&M
2015-08-27,561.5703125,569.2393167634438,554.6317320509897,569.1023483673591,4865668,M&M
2015-08-28,563.2821655273438,569.2621903812079,556.4577065104895,564.4918673383742,3995432,M&M
2015-08-31,557.3250732421875,566.9569392456997,553.1253587766264,561.9355814907055,3746160,M&M
2015-09-01,537.37646484375,556.1609157145217,533.6332937977038,551.2080429946342,3174664,M&M
2015-09-02,517.9072265625,542.2607911508841,513.7759978928872,540.9369680169448,4493220,M&M
2015-09-03,520.6919555664062,528.6119945998616,498.55233403091984,522.1983293707938,2712720,M&M
2015-09-04,506.9744873046875,521.07994775795,502.5922229360516,519.4822431437118,2989644,M&M
2015-09-07,507.1114807128906,512.3610818471369,498.8262295171811,507.15711827370234,1389426,M&M
2015-09-08,523.0885009765625,530.6205370025907,503.5051961641864,507.1570924192303,2745142,M&M
2015-09-09,534.36376953125,540.4350700395121,525.5079089545336,531.8530905685661,3132170,M&M
2015-09-10,534.1353759765625,540.2751589677814,524.0926629463362,532.2637906019942,1425516,M&M
2015-09-11,532.4921264648438,545.4563694068905,529.5478073777404,539.9785249854776,1622658,M&M
2015-09-14,535.3450927734375,538.563348193561,526.352321775578,534.3636346456085,1439596,M&M
2015-09-15,525.8274536132812,534.8887105760534,522.7233193273585,532.309547551892,1468462,M&M
2015-09-16,533.1539306640625,534.0897512355446,525.4393455027989,529.0683945999967,1953384,M&M
2015-09-18,547.4420776367188,554.5861108910858,533.9757100817609,536.3951136607017,5269170,M&M
2015-09-21,541.0741577148438,546.8486746927065,537.3081393083139,539.5677280628237,2274848,M&M
2015-09-22,542.0326538085938,548.8799585415888,538.0840302678648,546.4149176930089,4025672,M&M
2015-09-23,551.5504760742188,557.5989294638181,535.4821542644634,536.3722817191865,3068924,M&M
2015-09-24,557.3706665039062,562.848510892151,546.6432212435935,550.0668739862465,4290468,M&M
2015-09-28,557.6445922851562,565.9526903741657,553.6503304318398,559.1738128214364,1689472,M&M
2015-09-29,570.4718017578125,583.8925311764914,548.514787427064,550.5233414427017,6506062,M&M
2015-09-30,576.9083862304688,579.2136125193371,568.6002880521511,571.1109669583672,5297210,M&M
2015-10-01,570.631591796875,583.3903810491963,567.4818203789026,582.9338940530702,2110700,M&M
2015-10-05,580.0579833984375,584.303334603318,573.1194035894265,573.1194035894265,2226118,M&M
2015-10-06,577.1136474609375,588.868186849602,574.8312126281871,582.9338562844509,2787718,M&M
2015-10-07,587.8867797851562,592.9537744092326,575.1736278072926,575.6529614532033,1427976,M&M
2015-10-08,580.9481811523438,591.0365325245701,578.4602936133845,590.8995641376514,9205452,M&M
2015-10-09,581.267578125,587.7725163957765,578.1178073965559,584.3032271293953,1427498,M&M
2015-10-12,581.975341796875,585.4446321761787,575.1736737169475,579.8070283443706,1496340,M&M
2015-10-13,585.6499633789062,588.8682189579641,579.7384791291585,580.6970906664811,2852984,M&M
2015-10-14,588.0009155273438,588.8682520044559,581.1079727144748,585.649996244794,567184,M&M
2015-10-15,581.9524536132812,594.0722060194248,578.5060101215362,589.7812169802838,2148492,M&M
2015-10-16,588.3433837890625,591.1279439358939,578.9397607361213,583.390509931609,1478824,M&M
2015-10-19,584.8738403320312,593.3873321574664,582.4544374738437,588.8681007050304,1646242,M&M
2015-10-20,570.9054565429688,586.1292862842321,569.2621145485558,585.2163123180572,3016880,M&M
2015-10-21,573.6444091796875,576.9083024283568,562.3919932989311,569.6729387799144,1502156,M&M
2015-10-23,569.0795288085938,584.280512450818,566.2264850630362,578.1864221550092,1629182,M&M
2015-10-26,568.4633178710938,575.1280173306571,564.514693936877,570.6087846118286,1165248,M&M
2015-10-27,570.631591796875,575.333374422868,562.9854346117623,566.9568491886556,1624822,M&M
2015-10-28,560.06396484375,572.0695406543098,557.0054682180325,566.9569080562525,3883340,M&M
2015-10-29,560.4747924804688,564.6744508277775,554.1752492359918,560.5660675962092,2387748,M&M
2015-10-30,540.2980346679688,560.0410986096704,535.5962517182732,558.0553911845142,1933272,M&M
2015-11-02,551.8243408203125,564.446218476024,547.807288348567,547.807288348567,2576854,M&M
2015-11-03,562.82568359375,563.9897478556633,552.5775716546178,553.2166646665797,1311030,M&M
2015-11-04,572.5717163085938,574.9454266261394,562.8256734300845,562.8256734300845,908280,M&M
2015-11-05,575.0595092773438,579.6243793648797,568.600206958778,571.0652479507497,1734508,M&M
2015-11-06,570.4033813476562,579.2820316473293,553.7187583831445,572.8912133312831,2328754,M&M
2015-11-09,570.1979370117188,577.4560919204814,554.4263435874458,557.3706626362907,1149942,M&M
2015-11-10,575.6986083984375,578.825533297178,563.9897053538355,569.2849435673721,1205674,M&M
2015-11-13,571.2478637695312,574.9453974596225,567.2763932906449,568.5089416696838,3279020,M&M
2015-11-16,583.3448486328125,588.2520847256188,565.2222781861971,570.6088480007321,4053098,M&M
2015-11-17,588.3206176757812,592.5202768556098,579.5103940432948,583.8470216473999,3017600,M&M
2015-11-18,583.5274047851562,595.2590994089479,581.7014566274602,586.5858456598911,1383404,M&M
2015-11-19,589.8268432617188,592.4972810747424,582.0894108787379,586.6314342524742,921622,M&M
2015-11-20,600.39453125,604.8452795333586,589.4616898074619,589.8268459760923,3969672,M&M
2015-11-23,604.1605834960938,609.0906657037146,596.7198226264188,600.3945655030127,1826316,M&M
2015-11-24,602.3573608398438,605.278832661877,598.8195870732067,604.1604619540833,2482202,M&M
2015-11-26,614.5457153320312,618.0606434664354,601.1934685922266,604.8225184936377,1818860,M&M
2015-11-27,616.80517578125,626.3001271114091,615.9835326637506,618.9963355415967,3275350,M&M
2015-11-30,623.3330688476562,625.2959854585899,617.0335252473028,617.6269807036829,4884086,M&M
2015-12-01,624.8851318359375,630.6368575023304,619.2246812898379,625.3872564445838,2366346,M&M
2015-12-02,625.592529296875,628.5596945238522,622.4199672282017,627.6695672451613,2032040,M&M
2015-12-03,614.2945556640625,624.8166036812133,611.9664830251858,624.7024819271163,1129668,M&M
2015-12-04,600.4173583984375,613.1533008016432,599.0250507937957,609.6840108329652,1567306,M&M
2015-12-07,604.2518920898438,607.766875845568,596.948099213763,601.8781816945245,1126844,M&M
2015-12-08,599.9381103515625,608.4287584060518,594.3917815041606,602.5629109104527,1853618,M&M
2015-12-09,598.9564819335938,606.5798469997405,596.2404070247504,599.3673313099612,2248652,M&M
2015-12-10,589.1878051757812,602.4487760883098,586.1293642715589,599.8239755863149,1494658,M&M
2015-12-11,576.041015625,591.5615752195242,567.8698863408266,587.042342310533,1292080,M&M
2015-12-14,586.4945678710938,591.7441688005687,560.7943253791277,561.9811805315233,2761612,M&M
2015-12-15,588.4346313476562,595.4644870671239,583.458911550275,591.1507069007674,1552806,M&M
2015-12-16,556.0240478515625,573.0053430375579,551.6645744360794,573.0053430375579,6682490,M&M
2015-12-17,569.4904174804688,572.571704937917,545.7302452414058,554.631742340701,4996832,M&M
2015-12-18,567.5503540039062,574.4660880187358,563.7843359578637,568.3492063167032,2740974,M&M
2015-12-21,583.7783813476562,586.1293005123259,566.0438727689129,566.0438727689129,1876456,M&M
2015-12-22,573.5988159179688,582.8654694526705,572.0467488277504,582.8654694526705,1222278,M&M
2015-12-23,571.4533081054688,579.82983441193,569.353478799199,575.4019322721109,1002636,M&M
2015-12-24,574.1465454101562,580.1949983830718,571.6358668176252,571.6358668176252,693062,M&M
2015-12-28,570.3349609375,577.958272777706,568.3264066688258,575.1737127732696,1232286,M&M
2015-12-29,577.2734985351562,579.6929021319349,570.6087989086069,570.6087989086069,862010,M&M
2015-12-30,576.5430908203125,581.9752973575419,574.7399894290044,577.4789114756567,940950,M&M
2015-12-31,580.8112182617188,583.3218967399168,573.0281484134109,574.7171280093401,1163700,M&M
2016-01-01,577.6158447265625,584.0523006208489,575.1736502926417,580.6286479405355,486818,M&M
2016-01-04,567.1851196289062,576.5431034940109,565.9069336896331,576.5431034940109,727368,M&M
2016-01-05,570.2435302734375,580.6058184651296,565.9069038330381,568.7827941829174,1466066,M&M
2016-01-06,559.7214965820312,569.7870006057373,556.9140906361723,566.0894673781819,1178150,M&M
2016-01-07,546.6203002929688,556.4804634301938,536.3721900991997,556.4576167922761,1954754,M&M
2016-01-08,546.8714599609375,551.5960895596368,543.9955693929393,547.3279469892855,3530992,M&M
2016-01-11,530.7117309570312,542.3065109382919,526.8315917794425,542.3065109382919,2263750,M&M
2016-01-12,539.5220947265625,541.8273210623869,527.7219147716888,531.3509647933693,1162522,M&M
2016-01-13,550.0897216796875,554.3806552132102,537.2396005496425,541.8957459991527,1652518,M&M
2016-01-14,542.5576782226562,547.6931572763343,526.1469361681277,544.6346607613688,1620082,M&M
2016-01-15,537.37646484375,547.57899369662,534.0897807898318,546.8714165694176,925828,M&M
2016-01-18,532.1041259765625,541.8957506336184,527.7674991238172,535.7788131913587,1228894,M&M
2016-01-19,526.1013793945312,532.6291671723062,517.4509711941126,532.6291671723062,2012000,M&M
2016-01-20,525.3024291992188,529.7988151239165,502.59220034615674,519.4822197946652,2616840,M&M
2016-01-21,519.8016967773438,531.0769585077062,516.8345314362233,527.2424567683258,1634526,M&M
2016-01-22,547.2822875976562,550.066847214788,520.7831943698129,521.536409081241,1505188,M&M
2016-01-25,537.8787231445312,556.0240837139883,536.0070816264774,550.5233923714502,1650040,M&M
2016-01-27,537.1482543945312,546.7801750998235,525.0513483589025,538.3808027832126,2116716,M&M
2016-01-28,549.6787719726562,553.8784296231432,537.5133836107773,537.5133836107773,1347616,M&M
2016-01-29,562.962646484375,566.0439340284817,548.8343947752479,553.2622968084837,2034158,M&M
2016-02-01,559.8128051757812,565.3134956566978,551.3677959191017,559.6530458750865,1027972,M&M
2016-02-02,550.8201293945312,566.6374173778846,547.7844792605918,560.5432704672955,1032894,M&M
2016-02-03,549.1539306640625,560.5661071117778,543.2195989112505,545.410759078619,1042488,M&M
2016-02-04,549.8385620117188,557.7814465304377,542.7630138911861,551.4362664260326,887888,M&M
2016-02-05,556.6859130859375,558.4205860270247,545.3422219426649,549.6103643751281,1290006,M&M
2016-02-08,548.583251953125,564.9939373048397,544.9998401497663,560.5660356966403,1042654,M&M
2016-02-09,540.1153564453125,555.4533630977203,537.7416465090386,543.67597707323,759394,M&M
2016-02-10,539.70458984375,548.6745146064318,530.1867915361865,538.654647478752,1233280,M&M
2016-02-11,514.2783203125,539.1112279877132,510.32969602461776,537.285279713411,1382986,M&M
2016-02-12,531.9215087890625,537.9928085441575,498.1414687543999,514.2326364736142,4933968,M&M
2016-02-15,560.0182495117188,561.9126259004477,530.2552649731999,530.8943578900822,1493674,M&M
2016-02-16,550.5462036132812,566.2265219146835,547.8529189974861,561.0225586393956,1198744,M&M
2016-02-17,547.967041015625,551.436331292964,541.1653731356033,551.436331292964,1079510,M&M
2016-02-18,553.99267578125,558.2608185775136,542.4663777053763,553.4905511681926,1406810,M&M
2016-02-19,561.5931396484375,570.0609959069366,548.4462915741315,552.3492777684287,1361338,M&M
2016-02-22,564.6971435546875,570.1521397359402,562.3005873228111,562.3918624136736,1101500,M&M
2016-02-23,551.755859375,566.5460505196424,549.4734241898242,564.6744648125014,1709506,M&M
2016-02-24,556.2749633789062,558.7400039528103,545.3649145753233,547.7843176007943,1284148,M&M
2016-02-25,561.04541015625,567.2536226598845,555.5675657606582,555.6588408778455,2585106,M&M
2016-02-26,561.5018920898438,569.6273277687369,560.5432247505097,565.1309416795596,1777842,M&M
2016-02-29,560.6116943359375,579.2820244727076,554.6545721992265,558.8313838252432,3427866,M&M
2016-03-01,578.87109375,584.1663312582274,551.4818765796806,555.6587433428552,3171988,M&M
2016-03-02,547.3963623046875,579.7384530485614,543.0597360810959,579.7384530485614,4975766,M&M
2016-03-03,554.7914428710938,560.7029827268096,547.9441381356373,553.2622226248768,2128882,M&M
2016-03-04,555.2479858398438,561.0225578937047,552.600394509279,554.6317394962175,1402812,M&M
2016-03-08,556.640380859375,563.3050813743671,554.6089798303536,559.1966974745541,1459818,M&M
2016-03-09,564.0125122070312,565.1308830221548,552.8970096301716,554.586044895603,1762268,M&M
2016-03-10,559.8128051757812,569.4218785383257,557.3706109408488,562.3919677961717,1316558,M&M
2016-03-11,557.1423950195312,564.058184357225,555.0882034770586,556.2750585568959,1353850,M&M
2016-03-14,553.2849731445312,564.1949655488909,550.0667181885514,561.4788907650773,1425720,M&M
2016-03-15,550.0897216796875,555.6588411956518,546.6888598480369,554.5861078122712,1281014,M&M
2016-03-16,553.307861328125,554.6316847244324,540.4805882417514,550.02117733768,970990,M&M
2016-03-17,547.076904296875,559.1966582403907,543.2196108620938,556.5033733947739,1315728,M&M
2016-03-18,558.0782470703125,560.2008672047892,545.5020069634643,547.8300796978522,1669452,M&M
2016-03-21,560.5431518554688,561.4789724322586,555.1566390499789,561.0224854628016,986906,M&M
2016-03-22,572.0466918945312,577.8440544716817,557.8271107818628,561.4790067607947,1927934,M&M
2016-03-23,570.31201171875,575.9953081973589,567.093811862595,572.8911743655758,1591314,M&M
2016-03-28,567.8013305664062,577.9125285253551,564.8113742202268,576.086580567929,2335552,M&M
2016-03-29,562.5061645507812,572.0695459110715,560.2693668722586,566.1352142907346,1942358,M&M
2016-03-30,556.800048828125,570.0838101129352,554.9512540871893,567.8698591860524,3656452,M&M
2016-03-31,552.6687622070312,560.0182471347207,549.6103217425515,556.4576264154239,5135346,M&M
2016-04-01,545.59326171875,551.1624367734229,542.3065774779856,550.8428624266597,4983622,M&M
2016-04-04,568.7371826171875,570.3348871682379,541.7131179195989,546.6203533263965,2898226,M&M
2016-04-05,554.951171875,569.5816011504754,554.2664414388344,568.7371114239055,981922,M&M
2016-04-06,557.073974609375,564.6288577700324,554.44917400456,556.9142152824812,1253168,M&M
2016-04-07,553.5589599609375,563.3049460596501,551.8927713015535,559.1509255924049,824062,M&M
2016-04-08,562.5061645507812,565.4048461590887,551.7558722876105,554.5861254175734,971094,M&M
2016-04-11,564.218017578125,565.7700847582379,552.3722004208075,565.5418412236189,998468,M&M
2016-04-12,566.0210571289062,570.0610118273603,561.0681841156278,564.6744427117636,2127960,M&M
2016-04-13,608.2460327148438,616.143279479141,571.1108293489851,572.4346526889,5955162,M&M
2016-04-18,611.9893188476562,618.4029278804321,600.7825405040186,607.1277210643559,3446600,M&M
2016-04-20,605.3245849609375,613.9521443446448,595.395993099314,613.9521443446448,3542876,M&M
2016-04-21,597.3817749023438,610.9394176751023,594.4146091479979,609.3873505973568,1693322,M&M
2016-04-22,605.3017578125,609.4557783390602,594.6427975809413,597.997965863028,1421344,M&M
2016-04-25,605.530029296875,608.9308352911198,601.3075243809337,604.9822671647527,1211802,M&M
2016-04-26,618.0150146484375,623.5613437481487,606.2833191235501,608.9537573645904,2435670,M&M
2016-04-27,632.1204223632812,634.2202515817277,615.8922859630144,618.0834460226632,1671196,M&M
2016-04-28,613.746826171875,637.7123958067009,612.1491215295532,634.2202588009231,3997186,M&M
2016-04-29,607.5613403320312,614.2717325553742,601.7868244561555,613.5185178731049,1806098,M&M
2016-05-02,610.1177978515625,613.9750911908264,599.4587805000303,602.1064277179926,1204758,M&M
2016-05-03,605.2332763671875,617.3073909226043,600.7368905725737,610.3231175497956,1916636,M&M
2016-05-04,603.019287109375,607.0820322853206,596.1719825623344,605.2560844061097,1044784,M&M
2016-05-05,602.950927734375,607.5842825817116,596.2862277403161,604.8453601959187,1343540,M&M
2016-05-06,607.492919921875,608.9536560277397,596.4002635683972,598.773973671305,1092306,M&M
2016-05-09,616.0748901367188,619.2246618170188,607.5386048876226,607.584242446334,1891170,M&M
2016-05-10,616.2117309570312,618.5169565680824,608.0406035928768,615.1161511572083,1346258,M&M
2016-05-11,615.4357299804688,616.7139158259882,598.97940762958,610.7795850297352,2414330,M&M
2016-05-12,609.1362915039062,622.2830842646013,607.698346244147,620.0691333591374,1287602,M&M
2016-05-13,599.2533569335938,607.8581264235876,594.3461212931168,607.5842453464965,1207170,M&M
2016-05-16,600.8739013671875,602.5628810929664,595.9438191415665,602.5628810929664,1124564,M&M
2016-05-17,612.5828247070312,616.8966611174967,601.8782247958612,603.9324166893624,1869828,M&M
2016-05-18,605.3017578125,609.3645032290959,599.1391833551329,609.3645032290959,1679064,M&M
2016-05-19,598.477294921875,606.8081825505258,595.9437698193744,605.3017531830644,1311608,M&M
2016-05-20,590.2833251953125,603.4986572041952,588.0922210418911,599.2761524782304,1558094,M&M
2016-05-23,586.5630493164062,593.9125358601656,584.3719447733926,593.8896892168291,732148,M&M
2016-05-24,591.0594482421875,594.7569821625272,574.8313115006483,580.5373995639861,1391044,M&M
2016-05-25,598.7968139648438,601.649857675368,593.433091789058,594.3004282217594,1755228,M&M
2016-05-26,611.28173828125,616.2346111491469,596.1720295349814,601.6270269645225,2812820,M&M
2016-05-27,608.8167724609375,621.73537860836,606.00942160771,611.2361761795844,1473552,M&M
2016-05-30,607.5157470703125,617.0334904124287,599.2761896896926,608.9536923461175,4824894,M&M
2016-05-31,603.61279296875,614.1119941527664,599.9380502649395,609.2731872891495,2957786,M&M
2016-06-01,608.839599609375,615.8010270838215,605.4159467530899,606.6712861337278,1890434,M&M
2016-06-02,608.611328125,614.3630535146118,607.401626359985,612.605589607163,1523970,M&M
2016-06-03,618.1747436523438,620.1832978262479,612.9479891953076,613.9750850625126,3376508,M&M
2016-06-06,625.250244140625,632.9648858633136,621.3016760271524,621.9635599115982,2434724,M&M
2016-06-07,629.0162963867188,633.1246797591815,626.7567078212705,627.66968190404,3529094,M&M
2016-06-08,632.827880859375,638.1687558831584,629.9291441490562,629.9291441490562,2266562,M&M
2016-06-09,626.9392700195312,635.977679373921,623.1960431073597,631.3215341662213,1386668,M&M
2016-06-10,628.0576171875,641.3185866027175,622.4428606165283,624.8165706869946,2835080,M&M
2016-06-13,619.6126098632812,628.3543469388801,609.5242584454338,620.0234593023857,2380866,M&M
2016-06-14,618.8139038085938,623.9493837017958,615.8467376480771,621.2789453020354,1174906,M&M
2016-06-15,618.7910766601562,624.839530402484,616.3488262306646,619.9094477042353,1365592,M&M
2016-06-16,613.4957275390625,622.7395899848577,611.3274141258512,619.4529056268698,1998934,M&M
2016-06-17,613.5185546875,620.7310718906422,611.3273947027822,616.3944452020029,1931630,M&M
2016-06-20,616.6453857421875,618.0833307805063,607.1504906089089,611.7153601124577,2144048,M&M
2016-06-21,623.9493408203125,626.1176544039785,618.4487050579662,618.4487050579662,1986504,M&M
2016-06-22,620.5940551757812,630.2944035924678,615.846579394207,623.4699454663671,1218652,M&M
2016-06-23,627.5555419921875,629.9749455309538,620.137627784242,622.1233352121277,1998834,M&M
2016-06-24,634.0147094726562,638.0774543023728,600.2803141343956,610.7795135451112,2768948,M&M
2016-06-27,635.338623046875,639.6752495069957,629.0390802154009,636.8678433381102,1746496,M&M
2016-06-28,643.0076904296875,645.4727318090229,633.1019430725215,634.5626794406727,2010980,M&M
2016-06-29,647.1844482421875,650.8819818202937,642.7336999647329,645.700865483036,2111922,M&M
2016-06-30,652.7536010742188,655.9718568995617,646.1573858325188,653.2329347413172,4694178,M&M
2016-07-01,667.8861694335938,673.2727387333366,653.9176773142027,654.1459208315899,2329862,M&M
2016-07-04,668.9360961914062,674.4367313971321,663.0245557958167,672.2684180328822,1728496,M&M
2016-07-05,666.3341064453125,677.4267637475663,664.3256080588354,672.2684379336672,970110,M&M
2016-07-07,665.0103149414062,670.8989529375618,661.9061809070575,664.1886160136336,1597782,M&M
2016-07-08,663.4810180664062,668.9817087904233,660.559545800276,664.5994446677165,1428498,M&M
2016-07-11,671.926025390625,675.4181621270608,666.9275149702933,670.1000773688035,1316600,M&M
2016-07-12,673.3868408203125,675.7377601254256,671.0587681556767,672.5195043348759,940948,M&M
2016-07-13,668.50244140625,675.6008373584432,666.5852180761261,672.8619150448279,1505342,M&M
2016-07-14,660.6508178710938,666.9503608284002,652.6166577291964,664.4396823013378,1832622,M&M
2016-07-15,668.662109375,677.974398614155,661.4952307966836,665.51233826246,2521152,M&M
2016-07-18,670.4424438476562,676.3767749294168,668.0687337043566,671.0358992452369,1474504,M&M
2016-07-19,664.9189453125,673.3183171593938,658.802008439028,670.2141833061363,1392118,M&M
2016-07-20,667.110107421875,671.8347366880589,665.6036780449421,668.2969624673472,1445068,M&M
2016-07-21,660.4132690429688,670.1018997685742,657.7437574873983,668.3068494730989,2491952,M&M
2016-07-22,663.0367431640625,665.8443567899621,661.2186572878445,661.4027750732015,2033726,M&M
2016-07-25,673.6689453125,675.8552107699924,661.978167208094,662.7836334292754,1919612,M&M
2016-07-26,666.9029541015625,676.4534815620973,664.7166887792714,675.6710511838534,2004548,M&M
2016-07-27,669.1353759765625,673.7610200085918,660.942610833509,667.6395100397875,1342568,M&M
2016-07-28,668.5369873046875,673.3697848032756,665.6143067210861,673.3697848032756,3059592,M&M
2016-07-29,675.0958251953125,681.1483403363727,668.5370281889834,669.2274278738602,3784502,M&M
2016-08-01,676.6607055664062,687.5229821137913,670.170960118657,677.9264382531429,2556022,M&M
2016-08-02,671.04541015625,685.1986026891753,668.2608320029682,681.1943072757576,1498848,M&M
2016-08-03,665.7753295898438,676.5455742954662,663.0597466663314,672.771356206646,1345026,M&M
2016-08-04,660.804443359375,674.1982404530823,658.6872291712356,671.896908469265,1361794,M&M
2016-08-05,683.0353393554688,685.7969377625664,664.6246833081516,664.854816508743,1870776,M&M
2016-08-08,689.4099731445312,692.8159555297644,678.3175648310847,688.0982252230513,3560014,M&M
2016-08-09,681.5394897460938,694.5189800939205,675.6250775873299,693.6214830642332,1546836,M&M
2016-08-10,666.9950561523438,687.6379926878271,660.4822754397804,685.3366607176537,6602056,M&M
2016-08-11,654.3147583007812,668.6290333135432,649.4359452854334,665.1770350218064,3344252,M&M
2016-08-12,667.777587890625,679.8135671581929,655.4424803694288,657.2605104278263,3848548,M&M
2016-08-16,664.4635620117188,672.6102543569574,658.8022631380037,668.4218415908468,3017988,M&M
2016-08-17,667.6163940429688,670.3549565704413,660.7814494360679,664.4635805304104,1181104,M&M
2016-08-18,672.1039428710938,675.4178381432023,668.6519452189567,670.1938262666064,1371966,M&M
2016-08-19,671.5056762695312,675.8552276836799,668.122729292882,672.9095113355252,1527874,M&M
2016-08-22,664.4176635742188,672.8865213981318,660.5053987068069,672.1731421038199,1207950,M&M
2016-08-23,664.0263671875,666.8110016094972,658.6412723404248,666.4197863744307,900824,M&M
2016-08-24,660.4132690429688,668.1227316660228,659.1935517790646,664.0954004450244,1003038,M&M
2016-08-25,650.7476806640625,665.0849911921327,648.055133286175,665.0849911921327,1965574,M&M
2016-08-26,655.810546875,659.2165293580885,651.3689650265384,653.0719843605133,1336100,M&M
2016-08-29,654.6829833984375,657.6286997969924,650.58660092114,657.2604641778478,1113022,M&M
2016-08-30,660.942626953125,662.3003905164416,655.8796959667153,657.2374595300317,2720064,M&M
2016-08-31,661.21875,666.626880617106,658.3881001847114,663.7041999886648,2587538,M&M
2016-09-01,669.020263671875,674.2902915998529,661.8861343068254,662.3233649229954,2331330,M&M
2016-09-02,678.2485961914062,679.3532468541587,660.7584719499035,671.9889840156312,2816632,M&M
2016-09-06,685.7279663085938,688.09834978731,680.780101920491,681.1943529667016,2300042,M&M
2016-09-07,685.2215576171875,690.3995542742443,681.5394266610582,688.0982224266635,1940376,M&M
2016-09-08,686.7634887695312,690.3996045906815,682.367978331222,687.6380061723188,1721426,M&M
2016-09-09,677.71923828125,689.0188008764491,672.4031950715781,687.6610374702437,1298158,M&M
2016-09-12,656.31689453125,671.0684561124702,651.7372660186954,670.378056466264,1374956,M&M
2016-09-14,649.6890869140625,659.2856305235889,647.0425550019584,659.2856305235889,2284122,M&M
2016-09-15,647.2495727539062,655.0050497309102,642.3247451453844,653.0719534808953,1365672,M&M
2016-09-16,647.433837890625,658.7333459593539,644.8563569090229,649.8962522553263,1548846,M&M
2016-09-19,652.197509765625,657.9508399505722,647.5948456176671,652.6117607759143,1107456,M&M
2016-09-20,648.9065551757812,656.6390529596769,646.9044076271413,654.9590694083402,1226474,M&M
2016-09-21,647.548828125,656.3168695876662,644.9252758582052,648.0551099426698,2095174,M&M
2016-09-22,650.632568359375,654.7289505346664,648.1471185755573,653.5782845407566,1936070,M&M
2016-09-23,649.0216064453125,656.8001194472876,647.6178277075152,653.0719730335777,1472766,M&M
2016-09-26,635.2597045898438,649.0216820920015,633.3266080566409,649.0216820920015,1781186,M&M
2016-09-27,631.3473510742188,640.1154478108236,629.9435723703774,635.1675843817628,1958762,M&M
2016-09-28,633.671875,639.7243904361757,630.5650762665698,633.1655931100453,2085302,M&M
2016-09-29,627.987548828125,651.7142503582063,625.2029143617805,638.3435438411717,5270206,M&M
2016-09-30,646.9964599609375,651.4380419850602,621.3596437981731,630.7951050558491,2137750,M&M
2016-10-03,664.5556640625,668.3068466494685,644.3960284323407,650.3564561402886,3603220,M&M
2016-10-04,651.43798828125,669.572494294085,649.435840831039,667.6163622433891,3167876,M&M
2016-10-05,644.0046997070312,656.293845826633,641.9795725725901,656.293845826633,2300598,M&M
2016-10-06,631.8998413085938,648.0091675905566,628.4938582291473,648.0091675905566,2127622,M&M
2016-10-07,632.4060668945312,638.8497968337768,630.5650011976039,632.866333318763,1374730,M&M
2016-10-10,633.740966796875,638.8499138043001,632.8434133943653,634.2932641331299,729386,M&M
2016-10-13,630.4498901367188,637.4229372091147,622.7404280744519,625.9853286104255,1654226,M&M
2016-10-14,624.6275634765625,633.7868767080827,622.7864977490154,633.7868767080827,1595846,M&M
2016-10-17,604.3757934570312,626.1464164656093,602.0514818677398,625.8241962774348,1865522,M&M
2016-10-18,613.6961669921875,614.4096023556622,606.4239918936986,607.7357398407014,1576968,M&M
2016-10-19,611.1878051757812,616.1586489214008,603.8925934788514,616.1586489214008,2310602,M&M
2016-10-20,610.9575805664062,618.4598885611335,608.9323973352734,612.1542618714388,1040256,M&M
2016-10-21,610.6585083007812,612.154374252903,607.7358276005325,610.7275595047761,812896,M&M
2016-10-24,616.4119262695312,618.2299565181974,607.7128779547182,611.464061264941,1778610,M&M
2016-10-25,600.1414184570312,617.1482408306806,598.0242040837492,616.7570255961939,2905508,M&M
2016-10-26,602.4656372070312,609.8529348541134,594.9633291533263,598.3922911055436,1250544,M&M
2016-10-27,598.2311401367188,605.7564831149707,595.1243425249297,602.9488698435096,1908564,M&M
2016-10-28,603.7774047851562,605.1811834054284,593.743576140773,597.425706845522,1498016,M&M
2016-11-01,610.474365234375,615.7444495432495,600.1874218107123,607.965935676981,1854896,M&M
2016-11-02,630.2427978515625,638.159357380462,601.3380457393246,607.0913756832523,6050492,M&M
2016-11-03,626.3995971679688,633.1195322270156,622.7405013964604,626.4456687604609,2224808,M&M
2016-11-04,631.6465454101562,640.6907908717183,619.6336043182835,625.9622669436327,3198050,M&M
2016-11-07,634.2240600585938,641.312173818155,630.8411132734217,637.0086942378416,2123570,M&M
2016-11-08,637.2848510742188,639.1259166882912,629.2072094033939,637.0087024690806,884762,M&M
2016-11-09,613.6961669921875,625.502010884935,577.1049897549893,604.7900237695397,3743020,M&M
2016-11-10,608.1500854492188,634.4542682308596,602.9490520681184,625.0188059656715,2512840,M&M
2016-11-11,570.8223876953125,606.1708709828364,566.8641077474318,598.3463418964975,4555506,M&M
2016-11-15,569.9479370117188,578.9921273223795,538.1665178658565,571.6509003116474,4130936,M&M
2016-11-16,569.5106201171875,588.3815425607326,561.3179118892006,576.2535341297196,2696932,M&M
2016-11-17,561.3639526367188,573.0316951934434,557.3826368508112,566.1276988658116,1058432,M&M
2016-11-18,570.6611938476562,573.9521093201032,561.9851848274628,562.5605177357628,1094450,M&M
2016-11-21,552.0435791015625,573.3538815521645,547.717063330716,572.7785485024473,1510636,M&M
2016-11-22,561.11083984375,563.1820389495356,545.4157645235488,556.9224262223578,1287998,M&M
2016-11-23,548.5455932617188,564.5168170592384,546.382307173969,563.8033815674002,1161412,M&M
2016-11-24,535.6119995117188,552.2276618813536,532.9885034453894,546.7964957626274,3266868,M&M
2016-11-25,539.8925170898438,542.4239824299922,530.8022551865834,538.4657024078243,1527176,M&M
2016-11-28,535.0596313476562,544.9323220714831,532.0679000756048,540.8129607169859,1327884,M&M
2016-11-29,545.8069458007812,552.7799935930714,533.9321053778959,534.3693360212787,2076356,M&M
2016-11-30,545.461669921875,551.3531019973998,543.3674916259793,548.6375191471991,1876180,M&M
2016-12-01,533.9550170898438,549.5580586347886,532.4821871453364,547.716993111724,1331604,M&M
2016-12-02,527.2581787109375,535.7500710225305,525.4631285762093,532.9884727182906,2193510,M&M
2016-12-05,543.7127075195312,545.6918192802945,529.3063470773085,532.9194269921246,1325654,M&M
2016-12-06,540.9971923828125,548.844701583697,539.4553110242116,545.8760054781051,1087404,M&M
2016-12-07,544.0349731445312,550.4326883804134,538.5117754476324,544.4492242087731,1875400,M&M
2016-12-08,556.5541381835938,558.8554703067229,546.3362460308471,546.3362460308471,1803138,M&M
2016-12-09,546.9575805664062,561.0647573596325,544.4951664942126,561.0647573596325,1954666,M&M
2016-12-12,536.486572265625,550.2025351894508,534.9216550712823,546.428316522522,1082646,M&M
2016-12-13,537.3150634765625,540.5829440255242,530.7332307858716,535.7501463139295,1501832,M&M
2016-12-14,540.3296508789062,544.955350099896,533.4717273162436,540.7209222183326,1104776,M&M
2016-12-15,546.129150390625,550.8468812583894,536.7166682654823,538.5117185643367,1923330,M&M
2016-12-16,543.5745849609375,547.2336801418958,537.5451067288254,545.4156504476807,1602460,M&M
2016-12-19,541.756591796875,547.6249884315696,539.4322239891877,544.6332568138822,1482614,M&M
2016-12-20,542.469970703125,545.8989891123748,538.5116908789363,542.2398375018947,1064722,M&M
2016-12-21,547.924072265625,554.4828679731633,540.8129793935009,545.875909413355,1676032,M&M
2016-12-22,544.7713623046875,549.051862789735,539.9155849385018,546.3362794812033,1711402,M&M
2016-12-23,539.2481079101562,543.9428589437962,531.6076968376016,538.971959304616,1540542,M&M
2016-12-26,528.7079467773438,539.8924418314267,527.3501834853854,539.4321754701041,2124360,M&M
2016-12-27,537.2459106445312,539.1790068895486,525.3480364326607,528.8460495442848,1161856,M&M
2016-12-28,540.3988037109375,545.3697036241463,538.5117225867097,539.0180044222536,2138830,M&M
2016-12-29,540.7901000976562,542.6542018910795,537.752352443638,542.1019045666673,1667556,M&M
2016-12-30,545.277587890625,547.1647251002657,539.4322270171999,542.3088920503548,1023018,M&M
2017-01-02,566.0355224609375,567.5083521580477,538.6266416163467,545.1854364405576,2106528,M&M
2017-01-03,562.69873046875,567.1632922388426,559.2236965471242,566.1276928007924,1553022,M&M
2017-01-04,562.4225463867188,566.4729134786729,558.3031842775789,562.7447666013444,1130816,M&M
2017-01-05,564.9078979492188,568.4289467918238,555.7256066672938,563.3660169013704,2508486,M&M
2017-01-06,561.732177734375,570.270143027664,560.2363117417682,570.270143027664,2254066,M&M
2017-01-09,554.1608276367188,563.3431212020995,552.7800282323084,561.2029270731606,1042782,M&M
2017-01-10,558.5332641601562,559.960078731916,552.7799342862362,552.7799342862362,558120,M&M
2017-01-11,567.0482177734375,569.6947496339873,558.6023403771778,560.2592882181143,1411696,M&M
2017-01-12,558.4873046875,568.4980996706456,557.0144183813579,568.4290484682712,655710,M&M
2017-01-13,560.5354614257812,564.7469105039208,559.5228977521253,562.3535475380793,787588,M&M
2017-01-16,557.3826293945312,564.6548612363002,555.7256815350382,559.2236950572712,980302,M&M
2017-01-17,554.3678588867188,558.9935588131739,552.6648956318802,556.9223599538414,957954,M&M
2017-01-18,559.0396118164062,561.7091796663702,553.3783682643959,554.6670805970689,1958376,M&M
2017-01-19,557.2905883789062,558.6023364026116,553.5854213265538,557.8428855936672,787858,M&M
2017-01-20,548.66064453125,560.0522391757013,546.3822918914381,556.9224048398437,1537666,M&M
2017-01-23,547.2107543945312,554.3908992625778,541.8946548043687,550.4786347181761,1086802,M&M
2017-01-24,561.84716796875,563.4581003571742,546.3362128741535,549.9723286449979,1587220,M&M
2017-01-25,572.4793701171875,574.596584317712,557.8428761405448,567.5084705291185,3701216,M&M
2017-01-27,576.1155395507812,584.4693875303851,572.3413768297138,572.4794792498226,1632060,M&M
2017-01-30,573.307861328125,576.828910799783,567.9918177043259,576.1154753501809,880280,M&M
2017-01-31,570.7763671875,574.6656520859738,566.2427542590983,571.2826490045283,1846324,M&M
2017-02-01,599.450927734375,601.8442903692968,565.2070987859422,571.6508279251956,3047124,M&M
2017-02-02,582.2139892578125,597.2416992046493,579.3143445040417,596.9655505878425,2895658,M&M
2017-02-03,580.2578735351562,586.2643730003929,576.3916804196916,582.6742723247555,2265052,M&M
2017-02-06,582.6512451171875,584.9985925126417,579.0151293319459,580.8561949260062,1710456,M&M
2017-02-07,579.4523315429688,582.5591295807099,572.9396072709998,581.8457504088855,2674292,M&M
2017-02-08,587.8983764648438,589.6013399063156,579.981759579535,580.0968261954417,1681180,M&M
2017-02-09,594.5260620117188,595.9298969480625,582.0068389193474,588.6807014455084,1524034,M&M
2017-02-10,588.0593872070312,601.9594102496948,585.7120397640468,595.1244653303216,3535424,M&M
2017-02-13,597.7249755859375,599.7040874082273,558.6713825222829,591.8795585560097,1752192,M&M
2017-02-14,599.1978149414062,604.7440476588129,591.442337165739,599.4509839409873,1834652,M&M
2017-02-15,598.737548828125,606.999364607052,597.4718161993216,598.4383644243441,2093830,M&M
2017-02-16,607.482666015625,608.2881323073946,598.5765213978898,598.8066546241097,1932262,M&M
2017-02-17,606.2398681640625,612.0852286631846,603.8234696909446,608.4721488498756,1750224,M&M
2017-02-20,605.6875610351562,609.645897117345,600.4635485076789,606.1708632406151,940842,M&M
2017-02-21,603.7083129882812,606.6079570123095,599.7269981946083,606.6079570123095,1125370,M&M
2017-02-22,603.5013427734375,605.7106441927691,600.3485288487697,604.9972087260412,1207634,M&M
2017-02-23,600.5786743164062,605.480523313386,595.8149277302762,604.7901236288782,4754094,M&M
2017-02-27,595.5156860351562,599.6811195384431,589.6012738768771,599.6811195384431,1495124,M&M
2017-02-28,603.9386596679688,606.5391764596702,594.1579971833759,595.9990630628287,1350030,M&M
2017-03-01,620.7843627929688,625.4100630026487,597.5639432999799,605.7106368382183,5875460,M&M
2017-03-02,609.8529052734375,626.4224936431309,604.3297091502063,623.6148801841264,1599896,M&M
2017-03-03,608.4951782226562,613.0748061399228,604.9510934552259,608.9324088011396,714316,M&M
2017-03-06,612.062255859375,616.2966840901577,605.8025881305855,608.5412068081462,2634892,M&M
2017-03-07,607.6666259765625,612.9827245951964,604.1915926894237,608.9783737882817,1357652,M&M
2017-03-08,599.9804077148438,608.9556043027748,598.3234033968646,608.9325685042405,1755722,M&M
2017-03-09,600.1643676757812,603.777503971252,597.471820392584,599.2668706430038,1947556,M&M
2017-03-10,599.6121215820312,607.5517178954375,598.0472044050235,600.1644188516246,921202,M&M
2017-03-14,610.313232421875,624.7425724944244,605.3423329417792,610.0370838251724,1826798,M&M
2017-03-15,609.185546875,616.1355574871887,606.1247644263124,610.7734433003686,2281418,M&M
2017-03-16,607.9659423828125,613.5351549832716,606.8382559114202,610.4974077634637,1868436,M&M
2017-03-17,600.1183471679688,613.0518220461003,598.3463327272494,608.9324601524238,2367164,M&M
2017-03-20,598.4383544921875,605.917683538257,596.6893758723324,604.7900533252566,1482690,M&M
2017-03-21,595.7688598632812,601.1079390497207,584.9986144963209,598.9676889792246,7791312,M&M
2017-03-22,584.9295654296875,592.8231457266072,578.8540711927709,592.8231457266072,2647756,M&M
2017-03-23,586.632568359375,589.6012641946061,583.3416523300592,587.2999321719885,1991010,M&M
2017-03-24,587.2078857421875,592.3628468617559,585.1366869769366,586.4253991643975,1450556,M&M
2017-03-27,582.5822143554688,591.1661942258445,579.498451851195,586.8396786910706,2196248,M&M
2017-03-28,587.7601928710938,590.8209756684366,584.5383280707041,585.5048762738484,1746870,M&M
2017-03-29,584.8375244140625,591.3042337560208,581.3164751447403,591.3042337560208,2308496,M&M
2017-03-30,589.072021484375,592.5010403449434,580.3729740959507,584.8605721105877,8849392,M&M
2017-03-31,592.31689453125,596.0450414687139,585.6890465397207,587.7602455255194,2188282,M&M
2017-04-03,592.1326904296875,600.6476183526951,589.1409589972794,597.2416359465201,1935486,M&M
2017-04-05,594.0888671875,595.5847330161728,584.492323800526,592.5930013588272,3975030,M&M
2017-04-06,593.2373657226562,595.538697689782,586.9087028130604,592.7770993292311,1084388,M&M
2017-04-07,587.0927734375,593.6285332250773,583.96293973973,590.982001675518,1710604,M&M
2017-04-10,589.5092163085938,590.4527286996135,583.3876508318375,589.1409807216978,1087208,M&M
2017-04-11,589.8544311523438,591.8105633648076,584.5613675186177,587.7601965450544,1414324,M&M
2017-04-12,589.1179809570312,591.9026152679692,583.9860553293112,591.9026152679692,1663874,M&M
2017-04-13,589.3712158203125,589.9235131112871,584.1011872039508,585.9192172895414,1104418,M&M
2017-04-17,584.2391357421875,588.4275486888604,582.5361725590459,584.56135592877,2118848,M&M
2017-04-18,581.385498046875,586.2873463059947,579.291263511825,586.2873463059947,1951614,M&M
2017-04-19,579.6824951171875,584.0320463089394,576.7137993105637,581.7767297115342,1718390,M&M
2017-04-20,585.32080078125,587.760235351802,579.0151731186897,579.0151731186897,1324892,M&M
2017-04-21,579.1071166992188,586.6785320977818,577.6803022078192,584.5382822682532,1331830,M&M
2017-04-24,582.052978515625,584.9986952202705,579.2913796396836,579.2913796396836,1137378,M&M
2017-04-25,601.7753295898438,603.3632825057972,588.979956373254,591.4423705701719,11584768,M&M
2017-04-26,622.6254272460938,625.7782411258348,605.0202359009353,606.5161018322233,5752818,M&M
2017-04-27,615.46826171875,627.66532239113,613.074898702268,623.0626579864582,2318584,M&M
2017-04-28,614.7088623046875,619.1503884730874,606.470081846816,615.7444617877612,1052588,M&M
2017-05-02,617.1941528320312,622.6253183527776,610.4512956074041,613.5810731437992,1634378,M&M
2017-05-03,620.73828125,623.2927260165025,613.9723315718624,617.677498504047,1811584,M&M
2017-05-04,614.40966796875,621.8199462466329,611.9932692139056,617.2172819516911,1479754,M&M
2017-05-05,608.126953125,612.6145503193,601.5681572256386,612.6145503193,1791334,M&M
2017-05-08,613.6961669921875,619.3804455524404,604.3297573891977,608.7022880024477,1159430,M&M
2017-05-09,618.4369506835938,622.2341484288656,611.5329547830993,614.7777991454142,1183118,M&M
2017-05-10,633.5106201171875,635.0294653726379,620.4390444424085,622.2801098561843,2141724,M&M
2017-05-11,633.395751953125,645.3856605055112,627.2512054467142,637.7912632945846,3489420,M&M
2017-05-12,629.5753173828125,634.2470320854351,626.7446680853726,634.2470320854351,3499498,M&M
2017-05-15,633.1654663085938,638.2283965639551,630.564949985913,631.9457491464661,1116380,M&M
2017-05-16,628.8850708007812,635.3978524924956,627.3892047952755,633.7869198711818,1032024,M&M
2017-05-17,634.615478515625,637.1699239032135,626.146563600693,627.3432452747334,1841768,M&M
2017-05-18,622.67138671875,631.4854994975433,620.2089727208015,630.1047003003913,2435692,M&M
2017-05-19,613.71923828125,624.8576628558055,611.4639216501591,621.3596493998607,1953484,M&M
2017-05-22,601.2230224609375,617.6545114908035,598.8526391162712,616.8260656301028,873594,M&M
2017-05-23,612.9598388671875,615.9975861708733,598.3463792208325,605.2503759041499,1560364,M&M
2017-05-24,602.3276977539062,616.2047423829142,599.0137456210065,612.8447748422386,1251366,M&M
2017-05-25,611.003662109375,614.869911208283,600.1874014241996,603.4092663091456,2913396,M&M
2017-05-26,617.1482543945312,620.8534217678588,611.003708562347,613.9954404686787,670446,M&M
2017-05-29,625.9854736328125,633.2116351838572,610.9577612228388,619.0584403578324,2117528,M&M
2017-05-30,626.4686889648438,634.7074701185124,617.8157129308593,627.8034729816179,4447770,M&M
2017-05-31,652.1744995117188,666.6959279411672,640.6908744867826,640.9210077031931,7883572,M&M
2017-06-01,655.9947509765625,663.2439474879681,651.783301766296,658.1810165911133,3424678,M&M
2017-06-02,652.887939453125,660.3672690379775,648.5154083112112,658.1810034670206,2884778,M&M
2017-06-05,655.28125,659.3316167864906,654.0845685991752,655.8565829989411,2303902,M&M
2017-06-06,649.6429443359375,658.1118567662226,646.2830335516801,654.982079166566,1607632,M&M
2017-06-07,659.0554809570312,667.8925735180916,650.6096036058603,655.0281498863906,3809378,M&M
2017-06-08,652.4276123046875,662.7836061507936,649.0216297583289,659.7918745952519,1698402,M&M
2017-06-09,656.6620483398438,660.3441795282578,650.8627029550643,652.6577531463887,1817262,M&M
2017-06-12,655.2123413085938,671.505729037278,651.2770406034375,660.4823697992458,3822974,M&M
2017-06-13,652.4967041015625,662.7145961915733,650.8167204250198,659.5617824392174,1966036,M&M
2017-06-14,646.766357421875,659.4927352999808,644.8792763178485,658.1809872267469,1884770,M&M
2017-06-15,638.6886596679688,650.8166676621836,634.6382930105538,648.5153357397572,3134784,M&M
2017-06-16,638.527587890625,648.6764281200506,636.6865223232159,643.5444466139252,3300750,M&M
2017-06-19,638.96484375,646.6743061183143,636.8936449047811,641.1511091977309,2225100,M&M
2017-06-20,639.5171508789062,643.9127176369359,637.4689877963947,641.8875341643641,1879408,M&M
2017-06-21,638.4586181640625,642.2558163813775,635.6049324595223,641.01306325388,2989436,M&M
2017-06-22,642.6699829101562,647.686841613885,635.9500486674384,637.4689502285704,2256732,M&M
2017-06-23,633.4185791015625,652.7728031423217,630.6109653787829,644.3729415824081,2441604,M&M
2017-06-27,630.703125,641.8415503704157,628.2636903948493,641.2892531165433,3336218,M&M
2017-06-28,624.1443481445312,632.8663749839991,620.7843805524864,630.5650427113301,1655834,M&M
2017-06-29,623.960205078125,634.7534305262633,622.3492725524405,625.9623528373592,1873788,M&M
2017-06-30,620.71533203125,625.4330632106206,619.1043994334161,623.6610485899774,1909516,M&M
2017-07-03,628.9310913085938,631.4855926741908,618.1378651322436,624.1213292027717,2047918,M&M
2017-07-04,623.7301025390625,633.7869134213746,622.1421495461477,628.2637159187918,860360,M&M
2017-07-05,637.4689331054688,642.255714670453,626.652673229672,628.2636055515991,2433212,M&M
2017-07-06,633.349609375,641.4732664792172,630.5649751494818,641.4732664792172,1561776,M&M
2017-07-07,633.3265380859375,641.5422817216645,630.7490575981413,630.7490575981413,1316700,M&M
2017-07-10,629.3682861328125,634.2470987322417,625.0417707390307,628.2636355366545,866646,M&M
2017-07-11,639.83935546875,642.0716363006361,632.3830059814371,632.4060417756803,4146842,M&M
2017-07-12,633.6487426757812,642.577922245655,632.8663122545759,642.0716404328242,1472052,M&M
2017-07-13,636.761962890625,640.7579766365051,634.7407289857204,636.4366710021831,1589676,M&M
2017-07-14,639.1549072265625,642.3609748255924,636.1114004820159,640.2700315807648,1307346,M&M
2017-07-17,643.3599853515625,653.0248122657124,640.4326988730928,641.2225880687597,2626156,M&M
2017-07-18,641.2922973632812,651.421721603812,639.8286257641722,642.1286406195829,1645736,M&M
2017-07-19,642.3378295898438,647.2631516321827,639.8983956012803,644.9398811668841,3795788,M&M
2017-07-20,647.4722290039062,649.493519702943,641.8267270997497,644.4752327653919,1804436,M&M
2017-07-21,644.0338745117188,649.586468633378,634.6013730586809,647.7278521279892,1401986,M&M
2017-07-24,645.3812255859375,646.7751877478745,638.8993242211168,643.9176106922761,1161322,M&M
2017-07-25,645.7763061523438,648.7035930193437,644.1500167638529,646.4267765313621,1441876,M&M
2017-07-26,656.78857421875,659.9017340188993,645.4278040950189,646.1944379881578,2535586,M&M
2017-07-27,649.6793212890625,661.5512558915822,648.1924508999172,659.8088030665823,3867130,M&M
2017-07-28,646.891357421875,649.5863736488047,639.4801478785175,649.5863736488047,803316,M&M
2017-07-31,652.0491333007812,654.6976390316701,641.269123948743,647.40259221468,1021808,M&M
2017-08-01,664.1068725585938,666.0351984180759,652.0491213493567,657.4855516322618,3883480,M&M
2017-08-02,657.299560546875,666.1512422514054,654.3722742745333,664.7340248125724,952938,M&M
2017-08-03,658.1825561523438,660.5755361968863,652.4208337625103,659.0654103179629,1126038,M&M
2017-08-04,658.9027709960938,661.8533131950728,648.2389253396324,659.8088238053845,4474648,M&M
2017-08-07,650.8641357421875,664.45526618692,643.5225793436853,645.8691048949781,2987954,M&M
2017-08-08,650.5157470703125,658.2057951970824,645.9853695460728,650.5390024637537,1705654,M&M
2017-08-09,646.9378662109375,653.5823851933641,643.2670878167619,649.3540446190078,1542222,M&M
2017-08-10,644.4984741210938,648.5641973827194,641.2226401192532,644.0105646415108,1632346,M&M
2017-08-11,626.376953125,644.0570067772416,622.6364651053958,641.2226282428703,2253020,M&M
2017-08-14,629.954833984375,636.994355367093,626.1678914973904,629.4669244618252,1370684,M&M
2017-08-16,637.1336059570312,639.5730397014794,626.5162723371924,632.8123573562875,1489816,M&M
2017-08-17,635.18212890625,638.8761061630549,631.2790232806548,637.5053993119056,1223074,M&M
2017-08-18,636.5760498046875,640.9902632887346,632.2315457723763,633.7881254989735,1357710,M&M
2017-08-21,640.5953369140625,647.2398559994342,636.6457773686052,636.6689760395337,1405084,M&M
2017-08-22,638.7367553710938,643.9176598122677,637.0407566006014,642.4771867586768,584698,M&M
2017-08-23,638.527587890625,644.4751825591702,635.2053567310948,640.2932960104806,1578484,M&M
2017-08-24,638.9691162109375,642.6166396617415,635.5539198171334,638.899406749743,1580092,M&M
2017-08-28,637.9933471679688,641.4317421988233,634.9498400652701,641.2226705379237,2070446,M&M
2017-08-29,639.805419921875,640.7579834847137,635.2053898548141,639.0155306652302,1075712,M&M
2017-08-30,631.0699462890625,645.1954415799419,629.0719110689284,643.5458969177056,2110352,M&M
2017-08-31,624.8667602539062,632.0688976961048,619.3838200290797,631.0001707423033,3116004,M&M
2017-09-01,626.1677856445312,628.0496572328389,621.1960100040008,624.8667883384545,2174602,M&M
2017-09-04,617.2000122070312,626.3536745248833,615.2484311176263,626.3536745248833,814606,M&M
2017-09-05,615.5040283203125,618.6636419802057,610.2998686773923,617.5485175828716,1547776,M&M
2017-09-06,611.7403564453125,615.504043178339,608.696849509577,613.9939174066549,1298532,M&M
2017-09-07,622.6132202148438,624.0304378661676,612.7161222094862,612.7161222094862,2328682,M&M
2017-09-08,601.9129028320312,625.8193324111393,598.5673594445602,624.9597337125799,3938974,M&M
2017-09-11,594.85009765625,617.9898922497267,593.8278814249254,604.0502706200336,3330838,M&M
2017-09-12,604.3988037109375,606.3271295162272,594.2693219253839,596.6158477530992,2122904,M&M
2017-09-13,607.4653930664062,613.3665328744977,605.4441595187815,608.6967375054518,4776058,M&M
2017-09-14,599.7522583007812,610.0908116590554,598.5906230919863,610.0908116590554,1431844,M&M
2017-09-15,601.3785400390625,605.9089172964555,597.0804898205101,599.4037602089169,1680374,M&M
2017-09-18,601.72705078125,606.9311539376564,599.8684344081805,604.5149753408542,1302442,M&M
2017-09-19,601.6109008789062,606.2341865234035,598.5209397446248,605.9089513389409,975052,M&M
2017-09-20,600.5421142578125,606.9311075519496,599.2178615373027,604.0967291437347,1676474,M&M
2017-09-21,600.0775146484375,602.4937500002839,594.8037019584842,601.030078241454,970210,M&M
2017-09-22,598.0795288085938,602.6563602932495,595.4774772246676,598.4744734446456,1716992,M&M
2017-09-25,585.4642333984375,600.3331663101438,578.9590752495659,595.9654059232346,2290416,M&M
2017-09-26,579.493408203125,587.9965447297307,577.2630456962097,587.9268919867752,1314494,M&M
2017-09-27,572.453857421875,583.3267748241445,568.7366245814732,582.2115936279297,1420550,M&M
2017-09-28,571.7800903320312,580.3529352624122,569.2012375472018,572.4538160474715,3082168,M&M
2017-09-29,582.7923583984375,585.6964462915929,571.9891514358992,571.9891514358992,2433430,M&M
2017-10-03,587.462158203125,600.0774707158841,582.0953810538155,587.7873933610668,3570708,M&M
2017-10-04,598.8229370117188,600.2401546235807,583.7216796283001,587.3227486966538,2356486,M&M
2017-10-05,604.3988037109375,611.4847785382232,600.7977345364153,608.6968540160124,4212796,M&M
2017-10-06,605.4442138671875,613.9008947034707,603.7017612179151,608.6503380859415,1825894,M&M
2017-10-09,606.303955078125,610.0444436663802,603.5857396501241,604.5383033439214,835364,M&M
2017-10-10,606.419921875,612.878623795864,604.5845612697842,612.4139697975351,1387442,M&M
2017-10-11,613.087890625,618.1061780930478,606.8383150456834,608.2322774845327,3285560,M&M
2017-10-12,621.7767944335938,623.3798281304621,610.6250978419201,613.4594760482115,1648332,M&M
2017-10-13,615.80615234375,625.2618527166175,614.7374251371806,621.7072372135658,1083280,M&M
2017-10-16,635.925537109375,639.3175344458958,618.1293205894352,622.1253341735165,2340580,M&M
2017-10-17,638.1326904296875,639.1317080786665,624.2627770292173,638.3882728702882,2047488,M&M
2017-10-18,636.8316040039062,640.525580857117,632.9516974739946,637.5053296597493,1196844,M&M
2017-10-19,639.2478637695312,640.7579895607367,631.9760159231707,635.065976963116,350390,M&M
2017-10-23,635.2054443359375,647.7045949233666,625.7032334464081,641.2226925671278,1199328,M&M
2017-10-24,627.5850219726562,634.6709964383473,625.8657679060774,632.1851085436572,781906,M&M
2017-10-25,634.1133422851562,638.24877456298,626.7950411945648,629.1415667721145,1328304,M&M
2017-10-26,637.9468383789062,641.5479077355981,634.0205338330248,638.6438195447176,3304178,M&M
2017-10-27,644.8003540039062,646.1943160490717,637.2962370371336,637.9467072818421,1549084,M&M
2017-10-30,638.7831420898438,647.1004607577469,636.5992907879786,644.9398081256252,1126068,M&M
2017-10-31,624.8667602539062,640.2932513128821,623.6121603446006,640.2932513128821,1599456,M&M
2017-11-01,627.6315307617188,633.4164516663366,620.7778827300805,626.0052413982792,3930716,M&M
2017-11-02,620.4757690429688,627.0041810780959,618.4777906772512,624.0303838393108,1740658,M&M
2017-11-03,618.3384399414062,624.007197239906,613.3898624613918,622.1718362438797,2168762,M&M
2017-11-06,634.787109375,640.1538293464974,624.1697762181179,626.2839180055095,5150692,M&M
2017-11-07,629.025390625,642.1518669205909,626.3536299630656,641.2225588642659,4427324,M&M
2017-11-08,635.18212890625,638.899361555299,629.1416258515453,632.3942044194632,1371018,M&M
2017-11-09,632.5335693359375,641.2458326134263,622.6364155645248,637.9699989329049,968514,M&M
2017-11-10,647.2398681640625,656.1612603961087,625.9819443286841,632.9053013590539,5939800,M&M
2017-11-13,655.7198486328125,665.2685131546509,654.232978188754,654.232978188754,6476230,M&M
2017-11-14,664.2694702148438,668.2654840116332,657.5087872936542,659.3441482457558,3592110,M&M
2017-11-15,657.6016845703125,663.990678149427,653.7682884228439,663.990678149427,1994072,M&M
2017-11-16,656.9976196289062,662.5967240313844,654.2329505162618,657.5087844978725,1744892,M&M
2017-11-17,658.2987060546875,662.1321024372188,656.0915990465635,662.1321024372188,2896880,M&M
2017-11-20,654.2329711914062,659.8320757708279,650.5621924663375,659.6926568529823,2529602,M&M
2017-11-21,657.9501342773438,660.7380585751291,654.3258100020367,659.8087504758673,1707526,M&M
2017-11-22,664.2230224609375,669.9382904630602,659.622935620262,661.6674249628367,2879234,M&M
2017-11-23,659.1814575195312,666.4997585643719,656.3470792526062,666.4997585643719,980022,M&M
2017-11-24,666.3604736328125,669.0554902634514,659.8321171665787,662.1321324120306,1933116,M&M
2017-11-27,664.9199829101562,670.9604858995567,662.1553138455026,666.7785992145872,1735164,M&M
2017-11-28,666.7786254882812,669.7756217090822,662.9684846022507,665.6866997104956,1487160,M&M
2017-11-29,666.03515625,670.5422780473629,664.4553210656106,668.6139523099671,1383574,M&M
2017-11-30,653.559326171875,664.4554434479171,650.7714012343313,664.4554434479171,5367350,M&M
2017-12-01,654.8834838867188,663.0381291102359,653.3036486412165,657.0208813504125,2154686,M&M
2017-12-04,650.9804077148438,659.8088357994848,647.1470113096707,659.8088357994848,2925628,M&M
2017-12-05,645.0327758789062,654.8602210867762,642.6165973334469,650.5157167511392,2599242,M&M
2017-12-06,635.3912963867188,646.9844514917457,633.5326797818706,644.4753077311052,2369644,M&M
2017-12-07,641.0136108398438,642.3843177990375,635.6932871592422,639.735812016012,3113720,M&M
2017-12-08,645.0096435546875,647.5652412762294,640.9439199067801,644.3358610321778,2399392,M&M
2017-12-11,658.9956665039062,663.4563344465653,647.030823625376,648.5874034907217,2646642,M&M
2017-12-12,659.4139404296875,663.7584453361297,655.6734518787347,659.7159769676705,2812240,M&M
2017-12-13,656.323974609375,665.3847303650442,655.162339256084,660.6452808118078,3787148,M&M
2017-12-14,665.19873046875,667.2432196446233,656.556176433045,658.4147926437543,5505930,M&M
2017-12-15,689.2678833007812,692.3345889277768,669.5665386878701,670.2635198176631,7105514,M&M
2017-12-18,706.9479370117188,715.1026389156109,676.0716956609576,689.5466641655403,8530702,M&M
2017-12-19,723.1411743164062,725.3017704327194,707.2035165316125,713.2440196294516,11347974,M&M
2017-12-20,716.38037109375,730.1573748185334,712.3611022760324,724.8603073820334,9660028,M&M
2017-12-21,689.7325439453125,712.7793755121727,686.7122923541592,712.7793755121727,6803736,M&M
2017-12-22,693.4498291015625,700.1408598611677,690.4760313505741,694.193264359191,2338232,M&M
2017-12-26,689.1285400390625,696.9347522378974,684.6214175931307,695.1225897574027,3887128,M&M
2017-12-27,693.9609375,701.5348224454714,687.1769986013765,692.1487750636721,2523905,M&M
2017-12-28,696.9346923828125,700.651925163871,692.6598406523126,694.1932218626876,5643656,M&M
2017-12-29,698.0033569335938,699.769065178008,691.3123833600608,697.9104488030332,2055582,M&M
2018-01-01,692.0093383789062,705.2519795507221,690.4759572392455,697.9104224585105,2476302,M&M
2018-01-02,699.6761474609375,704.4155964639982,693.5426794752752,700.6983637649797,3020597,M&M
2018-01-03,701.5347290039062,705.3448696431727,696.9810964853485,702.4640371325534,2256643,M&M
2018-01-04,702.5569458007812,707.2034864476118,697.4457510892676,707.2034864476118,1663380,M&M
2018-01-05,702.8822631835938,704.8802985836551,700.3266655288738,702.5570279884552,1255982,M&M
2018-01-08,706.1813354492188,706.2742435825539,703.0681188958808,703.5327730035009,2309604,M&M
2018-01-09,708.5509643554688,711.8499967299022,703.6720968844087,706.2741481915479,1947163,M&M
2018-01-10,706.134765625,710.920725221541,700.884208680154,708.1792548716913,1275821,M&M
2018-01-11,712.4541015625,714.591498920436,702.0922932101266,706.5529608963557,2291617,M&M
2018-01-12,713.2440185546875,715.1026348896835,707.9004965915742,712.8722725995007,1363265,M&M
2018-01-15,705.53076171875,720.8178921930638,702.2317291168083,715.5672784358343,2127778,M&M
2018-01-16,693.9143676757812,708.6438783314512,688.6173001764845,705.3448459297595,1611817,M&M
2018-01-17,692.6598510742188,700.6983897723958,686.6193477141119,694.2396863740333,1940533,M&M
2018-01-18,705.5772705078125,710.9207928066863,692.3346282888645,696.9811694183198,2810014,M&M
2018-01-19,711.2925415039062,713.9875013370073,695.4013367481462,706.2742543767246,2005133,M&M
2018-01-22,705.9024658203125,714.6379853383843,702.5569790842894,708.2257362537922,934811,M&M
2018-01-23,714.6843872070312,718.3551655679332,707.5752142320729,708.0863223460165,2775928,M&M
2018-01-24,701.9993896484375,716.4965739030357,699.2114652363634,714.684411691094,2080315,M&M
2018-01-25,704.2296752929688,708.1327807039339,695.4477022984134,703.0215860925539,2878048,M&M
2018-01-29,710.3167114257812,717.4259419585071,703.7650998543219,703.7650998543219,2074165,M&M
2018-01-30,710.8278198242188,714.3127253533861,699.8619383827313,709.9914198090315,1648188,M&M
2018-01-31,709.1084594726562,716.635888319971,703.1609222930489,710.7347484759055,2242045,M&M
2018-02-01,742.2847900390625,745.816149214092,709.0620279183782,714.5449679915147,6896060,M&M
2018-02-02,715.7996215820312,743.4465397801039,711.4318618167292,742.2849045616974,3783976,M&M
2018-02-05,706.7388305664062,715.3349307409483,692.3345545982546,708.969192759339,2018332,M&M
2018-02-06,698.6538696289062,706.1812998249032,679.0919440290234,691.2194042820267,5626253,M&M
2018-02-07,694.2860717773438,717.3794125255496,691.1729122724375,713.1510719357409,1909559,M&M
2018-02-08,699.025634765625,706.9247544134354,693.2639126195985,700.6983781704789,3024010,M&M
2018-02-09,697.0275268554688,700.0477781709125,689.5466080182318,694.19314850353,2214895,M&M
2018-02-12,693.2637939453125,715.5671867800143,690.4758698409748,715.5671867800143,2662221,M&M
2018-02-14,694.1466674804688,700.6518239072103,689.5930352935645,698.6537888879546,1207191,M&M
2018-02-15,696.3770141601562,698.1891763307715,690.9405843687766,695.2153790149498,1652980,M&M
2018-02-16,691.1729125976562,700.4659937754399,689.5466233915441,699.4437775340701,1042980,M&M
2018-02-19,673.4231567382812,692.1486814600333,665.4310728159428,691.4052463027259,1185926,M&M
2018-02-20,658.87939453125,681.3686602443919,653.3035463405765,675.4210661528225,2981323,M&M
2018-02-21,658.3219604492188,665.3846801763093,651.4450569882581,665.3846801763093,2290218,M&M
2018-02-22,670.9140625,673.2837870523634,650.8874822485408,652.3743526718553,3325355,M&M
2018-02-23,667.8473510742188,672.8191271849804,663.5260453177846,671.4716189701429,1648932,M&M
2018-02-26,683.4132080078125,684.9000782982928,668.4048593162104,670.9604566232936,1525511,M&M
2018-02-27,687.5021362304688,689.5466254397472,679.324236113821,689.4537173158799,1429191,M&M
2018-02-28,676.861572265625,682.9950401232581,673.8413207607168,682.1121860315759,1814444,M&M
2018-03-01,680.7645874023438,684.4353654723228,676.0715931854919,676.536247201427,1831321,M&M
2018-03-05,687.3162841796875,690.4759545738655,671.0999023591387,675.6070241927324,2170367,M&M
2018-03-06,669.0089721679688,690.4759681392934,665.3846476281751,690.4759681392934,1763292,M&M
2018-03-07,657.7642822265625,674.4918285451155,652.7925064256239,670.0311608709281,2343794,M&M
2018-03-08,675.2817993164062,677.6515237879073,657.1137793538044,660.3199038601734,2500680,M&M
2018-03-09,677.0009765625,687.4092390218989,672.3079818233531,675.5141062342148,2191343,M&M
2018-03-12,684.9929809570312,686.9910160693623,679.5100971742152,683.0879106874048,1867680,M&M
2018-03-13,681.182861328125,688.6173263903693,678.8131369336281,684.8536397967015,1823994,M&M
2018-03-14,676.72216796875,682.3909246755247,671.9826626390449,679.2777652369699,1366237,M&M
2018-03-15,682.902099609375,685.7365349605865,678.209104601693,679.3242857719516,1249262,M&M
2018-03-16,688.385009765625,698.8397264174822,683.5525960580062,686.7587205086694,4929069,M&M
2018-03-19,690.1971435546875,696.0517732943789,686.7586922090067,689.314289507484,2081202,M&M
2018-03-20,688.57080078125,691.4051789476285,680.2999365707082,688.0596927054213,1248986,M&M
2018-03-21,692.6598510742188,697.6781380923424,687.2234207383112,690.4759994706765,2788242,M&M
2018-03-22,679.1848754882812,695.9589338797574,674.6777534050996,694.239679676952,1877037,M&M
2018-03-23,681.0899658203125,685.1788876480143,670.2170491212648,673.7484087471562,2276332,M&M
2018-03-26,693.7285766601562,696.9811553852876,675.6535206864035,682.4374592547259,1890961,M&M
2018-03-27,692.24169921875,698.8397647348401,689.1749367896804,696.0518401414829,2422064,M&M
2018-03-28,686.6658935546875,693.2639594889799,683.0415686654159,691.4053429756046,3301815,M&M
2018-04-02,695.1690063476562,698.7003662584626,685.0860347948782,695.9589523711677,3567965,M&M
2018-04-03,715.6600952148438,716.8682410369651,692.3809402773221,695.1224103252371,2500384,M&M
2018-04-04,703.0679931640625,731.1331075894401,696.1446368545537,718.3551219150139,3295198,M&M
2018-04-05,719.8421020507812,725.78969716129,712.4076365228807,715.5673070604266,2224647,M&M
2018-04-06,717.3795166015625,719.8421494375107,710.0379587212826,719.8421494375107,1194886,M&M
2018-04-09,730.6221313476562,732.4807477811428,715.5673268923207,717.4259433258073,1813902,M&M
2018-04-10,722.6300048828125,729.5069079774113,714.080415159325,721.6077885916686,2193150,M&M
2018-04-11,733.2240600585938,734.7109302678659,719.2379850859793,726.254249601763,1448946,M&M
2018-04-12,732.1553955078125,738.4282254536436,725.4644222753001,733.64232256429,1146053,M&M
2018-04-13,733.7816772460938,739.2646179049141,727.787685179995,738.7999638396062,2183881,M&M
2018-04-16,744.7940673828125,748.0931001449476,727.8341927521972,727.8341927521972,2896629,M&M
2018-04-17,752.1355590820312,760.9175328005351,749.48705343508,758.3154812188782,4339790,M&M
2018-04-18,741.8667602539062,755.5276027924024,739.4505815063513,755.5276027924024,1503151,M&M
2018-04-19,745.2122802734375,747.6284589441733,737.5919415665809,744.7476261659519,2590266,M&M
2018-04-20,742.98193359375,747.5820206993069,735.9192136986842,735.9192136986842,2561105,M&M
2018-04-23,766.0286865234375,774.8571138311429,743.4929641853474,747.0708345475928,2751312,M&M
2018-04-24,779.2713623046875,784.3361032252956,763.9842314131337,765.657031512028,2872669,M&M
2018-04-25,793.4896850585938,801.5282226756424,779.2712827134839,782.4774069482793,3602302,M&M
2018-04-26,797.4857788085938,807.336422105231,790.8412031212104,798.2756680154168,5461957,M&M
2018-04-27,801.714111328125,805.524251859986,791.0270681499445,799.1120599853567,1087577,M&M
2018-04-30,811.564697265625,816.815310362197,803.0150519822113,803.2938897696451,1137366,M&M
2018-05-02,802.1324462890625,817.6053947661381,800.1344108444085,817.3266136325869,1341643,M&M
2018-05-03,803.9444580078125,813.6092854575746,791.3987979807682,801.9929335806818,2126154,M&M
2018-05-04,793.907958984375,807.1041463540621,792.095796707189,803.8051136917576,961238,M&M
2018-05-07,822.9952392578125,825.1326932864838,797.811012173261,801.063590557194,1916654,M&M
2018-05-08,804.13037109375,823.8317162038009,798.7403948981014,823.3670621055472,1834833,M&M
2018-05-09,799.2979125976562,807.2435426115076,793.3968285667816,803.8515451950408,1630905,M&M
2018-05-10,795.9523315429688,811.0535871034746,791.9098642811101,799.2049096636931,1369399,M&M
2018-05-11,807.6617431640625,811.1001948874612,788.8432518989514,797.2999906479017,1304682,M&M
2018-05-14,792.3746948242188,812.2154030925815,789.9120052959888,810.356786609532,1492933,M&M
2018-05-15,787.17041015625,803.8515017977649,777.9237832712464,793.5362046362916,2060487,M&M
2018-05-16,792.7927856445312,797.1140913695814,775.2288950753733,785.7300661649444,1559853,M&M
2018-05-17,788.982666015625,798.7404021677617,786.1947414007287,794.6049693115714,1065979,M&M
2018-05-18,776.901611328125,793.4432850099173,769.5136002112341,788.2856361352656,1983383,M&M
2018-05-21,767.5620727539062,787.3563248737379,763.5195482958944,775.042991967775,1670673,M&M
2018-05-22,771.51171875,777.8310034916196,754.8306243561148,764.0772527668065,1937535,M&M
2018-05-23,772.99853515625,776.4369867769144,762.5438180991102,769.5600835355855,1315364,M&M
2018-05-24,783.4531860351562,787.867399530858,773.0914347038406,777.8308833478817,1394760,M&M
2018-05-25,797.0675659179688,800.0878172323736,784.3360336485381,785.2653417452781,2069467,M&M
2018-05-28,789.8655395507812,803.5263818433297,785.3119065464409,801.4354383308112,3096495,M&M
2018-05-29,808.7304077148438,813.7951484149221,789.9119179059088,793.6291504607601,4666224,M&M
2018-05-30,834.4722900390625,837.3066686387513,813.1911100680472,816.8618887163844,8212884,M&M
2018-05-31,857.7049560546875,867.5091455521313,828.0135497449909,836.3773229747383,9417129,M&M
2018-06-01,837.8642578125,861.9333630927116,833.6359168093471,857.2868220517805,3431462,M&M
2018-06-04,849.8524169921875,853.430231160662,841.9532966592914,843.8119132082081,3364222,M&M
2018-06-05,837.5855102539062,851.1534446693381,834.9834585108221,847.5291198240063,1836194,M&M
2018-06-06,849.6663818359375,852.2684331637291,833.4499441974208,838.6076495127069,2102493,M&M
2018-06-07,855.2422485351562,862.3514783167647,851.2462349770645,854.0341593274261,2668799,M&M
2018-06-08,847.2037963867188,852.7796452784987,839.2581663395579,852.175572293702,1335422,M&M
2018-06-11,852.0360717773438,854.9634148533419,845.67033425711,847.7148233323735,1747134,M&M
2018-06-12,852.7332153320312,860.911173191603,849.434182435747,854.9635777883642,2032546,M&M
2018-06-13,852.7796020507812,856.2645074314926,850.0845858681784,853.1048371981282,1353228,M&M
2018-06-14,856.86865234375,859.6101229990308,845.2522993302496,849.480640483069,1385264,M&M
2018-06-15,845.1593017578125,859.0524698358498,839.0258339834564,857.3332157395025,2619109,M&M
2018-06-18,849.2947998046875,855.9393195051791,844.7411668660656,850.3170161523102,1496081,M&M
2018-06-19,828.3853759765625,850.3634815059459,823.3670888641449,850.3170274387049,1878313,M&M
2018-06-20,840.4663696289062,844.6017457959676,829.3611251513072,832.6601579598439,2671370,M&M
2018-06-21,821.1366577148438,845.4845425611549,812.3082302999176,845.4845425611549,4202520,M&M
2018-06-22,843.9976806640625,848.1795673761742,819.6962496377147,820.3932307564,4589148,M&M
2018-06-25,841.5814208984375,849.8522859540282,837.306626183247,847.5290156261058,2984963,M&M
2018-06-26,834.518798828125,850.3170388950272,828.1065492892518,841.0239565027317,2106484,M&M
2018-06-27,829.5469360351562,842.2319581471496,822.9488141915683,836.3773281938859,2168303,M&M
2018-06-28,843.5795288085938,852.8261568551343,828.0600703357707,829.5469975061355,4493297,M&M
2018-06-29,834.2399291992188,850.2240405623701,831.591366966106,844.74109984439,2441612,M&M
2018-07-02,823.9711303710938,843.5330564507013,816.5366648418959,842.8825293728024,2180118,M&M
2018-07-03,830.9873657226562,834.9833794555338,816.9083244493254,824.203427517473,1406654,M&M
2018-07-04,836.47021484375,838.8864499843322,822.9023390006996,831.7307661271893,1457165,M&M
2018-07-05,847.8543090820312,851.2463066822176,837.8642459850511,837.8642459850511,1935437,M&M
2018-07-06,859.5635986328125,861.4686690271283,839.0258541523116,850.2705169820345,2998570,M&M
2018-07-09,866.8121337890625,873.5496175413763,862.0261743664742,865.1858446074694,2472960,M&M
2018-07-10,864.7677612304688,871.2264647667005,860.9111661120519,871.1335566319813,1617650,M&M
2018-07-11,865.1859130859375,873.270905572725,860.9575722232205,863.2808426665232,2732003,M&M
2018-07-12,857.97216796875,872.2123815527735,852.5384180591019,872.2123815527735,2173358,M&M
2018-07-13,849.4467163085938,867.434349597192,845.0434849397589,860.5015974691447,2296504,M&M
2018-07-16,843.4976806640625,857.8784444104876,838.4855274783962,847.8540808580431,1901810,M&M
2018-07-17,864.2022094726562,866.872224287245,844.2003138944596,845.9803618915929,1791101,M&M
2018-07-18,845.4651489257812,871.0881206905335,843.169841809078,868.0901720389894,1442856,M&M
2018-07-19,855.3489379882812,864.155401186126,848.7909505119198,848.7909505119198,2040980,M&M
2018-07-20,852.30419921875,857.4100725793944,846.9172806746359,855.3489792654232,1667834,M&M
2018-07-23,852.9130249023438,855.3488256297234,846.9171285534172,852.5382599376213,1179253,M&M
2018-07-24,862.28173828125,866.4975876069124,853.6626571125615,856.1452896290042,1982289,M&M
2018-07-25,852.6320190429688,866.5911864319937,851.3204558802793,866.49752377077,1433236,M&M
2018-07-26,855.9110107421875,859.0026790909826,848.7909330723038,856.6605407546904,2785063,M&M
2018-07-27,852.3978271484375,858.0658478261482,845.7930082910434,857.2226551289858,1658854,M&M
2018-07-30,874.3202514648438,875.9597483199882,854.4589066977296,858.1594967498494,2458481,M&M
2018-07-31,876.8497924804688,882.3303735068521,866.169618420562,875.9597684452908,2011316,M&M
2018-08-01,871.0411376953125,883.8292342752467,867.6215932820394,880.175476057807,2000884,M&M
2018-08-02,853.7562255859375,867.293796140968,852.5851564580129,867.293796140968,1652795,M&M
2018-08-03,862.515869140625,866.5911668908567,856.3325897492779,856.3325897492779,1575164,M&M
2018-08-06,873.52392578125,876.7091995698485,862.422155898292,863.7337762225513,1702042,M&M
2018-08-07,868.4649047851562,884.391445649609,864.9985285725529,881.5340482836796,5202007,M&M
2018-08-08,869.682861328125,879.6603942672958,865.6543945214454,877.7398521226003,2056171,M&M
2018-08-09,874.2733764648438,880.6439810618351,868.9332898243108,870.3385727728137,2452570,M&M
2018-08-10,886.2183837890625,892.5421577870345,870.4792243858885,873.1492394236969,3163115,M&M
2018-08-13,894.2283935546875,905.3769946181225,879.3323712505834,884.3914127979308,4285645,M&M
2018-08-14,890.4342041015625,901.1612095995646,888.1388969927318,898.3506434698407,1801054,M&M
2018-08-16,891.18359375,904.2995677973062,884.3913929040735,885.3282481931669,1832039,M&M
2018-08-17,900.7864990234375,907.6255322495864,890.1532127290452,894.2753423264621,2246030,M&M
2018-08-20,908.328125,920.2261997983394,901.3485409615906,906.5481340812656,1877608,M&M
2018-08-21,897.3199462890625,914.9797020459636,895.1651906520241,911.5601575137828,1557070,M&M
2018-08-23,902.2853393554688,908.7496639612457,894.0410239433827,899.3811107245318,1978510,M&M
2018-08-24,907.156982421875,910.9981234896221,900.4585012848264,905.1896091494239,1634893,M&M
2018-08-27,914.7923583984375,921.7719417378479,906.688537275983,912.7780966546039,1635797,M&M
2018-08-28,918.5866088867188,925.2851470610899,912.5907121775848,919.991891817193,1460036,M&M
2018-08-29,921.72509765625,930.2973468364017,913.8555471578418,919.382959320811,1795568,M&M
2018-08-30,920.8820190429688,928.9857838754547,916.1509107493845,922.7557298270508,1831626,M&M
2018-08-31,904.3464965820312,925.6131253724595,898.5848702418738,919.991993032141,2243187,M&M
2018-09-03,887.9514770507812,913.3871223250219,882.5177275319239,913.3402909943902,2189450,M&M
2018-09-04,872.9149780273438,895.3526752416774,869.4954331052073,892.0736814953981,2067396,M&M
2018-09-05,870.71337890625,885.3282993887948,856.6605487572216,871.2754692397663,2133045,M&M
2018-09-06,875.9129638671875,884.1104485816331,868.9333797312364,875.9597952007613,2144816,M&M
2018-09-07,912.2160034179688,915.9165932339049,876.0065237414844,880.7376314995811,3132025,M&M
2018-09-10,878.1612548828125,914.5112847071819,875.5849029184162,909.3585807783891,2151834,M&M
2018-09-11,883.5951538085938,900.3179990771762,877.1776602973466,883.4546026324424,3909701,M&M
2018-09-12,878.910888671875,890.9494573098731,854.7868628824647,888.5604875514164,2787531,M&M
2018-09-14,891.7926635742188,894.5095098811977,869.4486283403085,881.7682995216401,2803861,M&M
2018-09-17,890.808837890625,896.0084305432636,877.4586498842373,887.8109466796922,1978897,M&M
2018-09-18,886.7803955078125,900.3179663760154,881.0187695738023,889.4972988198932,2227889,M&M
2018-09-19,888.9820556640625,904.674382620812,878.9576920823345,887.2020076442849,2083160,M&M
2018-09-21,899.2874145507812,915.0265719656857,815.0641012190372,902.191643073486,4633394,M&M
2018-09-24,839.46923828125,897.6948220821491,829.1169979353422,894.6968734782506,4569708,M&M
2018-09-25,836.61181640625,843.1698037688969,810.6140807900423,839.422382418813,4269089,M&M
2018-09-26,836.9397583007812,859.8927158636,829.3980836806498,845.9804358867462,2357565,M&M
2018-09-27,822.0437622070312,838.9071589975886,811.785184389886,831.9275750008295,2588148,M&M
2018-09-28,806.5856323242188,825.3227394939265,786.5369047801861,822.0437457392277,4188699,M&M
2018-10-01,794.07861328125,809.8646610623,787.848559186873,806.1640708002071,3060818,M&M
2018-10-03,741.6146240234375,792.111146981389,737.3051125657636,792.111146981389,6680994,M&M
2018-10-04,744.5189819335938,749.4843040114466,717.1159620681752,730.8877475906085,5036305,M&M
2018-10-05,720.95703125,745.5026531317806,705.3584238060521,741.0525901693226,5157618,M&M
2018-10-08,725.92236328125,731.6372153682465,705.7331414186251,720.2075683753675,3874262,M&M
2018-10-09,716.5069580078125,733.042477756156,712.2911089459686,726.5781529888839,2933355,M&M
2018-10-10,715.8511962890625,725.6881780992912,703.4847506153822,719.5049552624512,7578601,M&M
2018-10-11,684.044921875,708.7310362191791,669.8515411721257,699.8309108469621,6199047,M&M
2018-10-12,719.9732666015625,726.9060183911837,689.1038743787159,691.8676088292178,4477653,M&M
2018-10-15,701.7047119140625,726.4845492917104,691.3993022597839,726.0629529150848,5282462,M&M
2018-10-16,728.5924072265625,730.7471630660477,702.7351656094045,706.014159289829,4357854,M&M
2018-10-17,711.447998046875,740.8183913210165,703.7657724989451,739.3662769190508,2634539,M&M
2018-10-19,694.397216796875,710.136375692626,685.8717985583874,700.8614845888385,2985488,M&M
2018-10-22,687.4176025390625,701.7046464078471,684.841250366003,699.830935736531,1842855,M&M
2018-10-23,683.857666015625,688.026684319276,670.9759032230135,684.3729250911053,2967082,M&M
2018-10-24,689.7597045898438,701.8919919845558,679.8290614267663,694.0223847066051,3729119,M&M
2018-10-25,687.4176025390625,697.4887973973861,678.283263016397,682.030684359029,3966709,M&M
2018-10-26,682.2180786132812,694.959288525247,677.0653741784092,684.8412621620845,1813847,M&M
2018-10-29,702.1731567382812,705.3115996097608,682.0307646503919,682.0307646503919,1954444,M&M
2018-10-30,699.1751098632812,714.5863912249714,690.4623668735549,703.5783412782085,2756355,M&M
2018-10-31,717.5844116210938,720.5354718493811,688.7292764737358,701.7047010098153,3093083,M&M
2018-11-01,708.3095092773438,729.5293068262827,703.5784009733334,721.8470811583933,4171044,M&M
2018-11-02,734.072998046875,745.6431959278943,716.741174072097,716.741174072097,4117317,M&M
2018-11-05,726.4844360351562,735.1035160203626,721.3785633389382,734.494537217828,2168486,M&M
2018-11-06,729.2482299804688,732.6208863803629,720.3012156103451,730.7471756735077,1839552,M&M
2018-11-07,742.8325805664062,743.863098510539,734.1666691542872,738.2419667837592,731279,M&M
2018-11-09,745.0342407226562,755.0117733891244,741.0526053588445,749.4843037763281,3085813,M&M
2018-11-12,731.5902709960938,756.6979796901248,728.9670306107355,747.6104725351184,2101138,M&M
2018-11-13,740.1626586914062,743.6758667326425,724.9855885170421,726.5314229276341,3010295,M&M
2018-11-14,721.0038452148438,747.0484693547784,717.1627612016885,743.0199456566984,4237768,M&M
2018-11-15,718.099609375,726.8123524947954,707.3257730960536,725.1260243395304,4315301,M&M
2018-11-16,719.1300659179688,727.4681005025461,711.7757750892588,719.1769544252817,2373384,M&M
2018-11-19,732.011962890625,734.1198875952605,721.4723393674477,726.3439990099398,2681651,M&M
2018-11-20,733.1829223632812,742.3641498910843,724.5170109865493,730.7471214974,2902880,M&M
2018-11-21,720.5353393554688,738.0545437102465,716.4132106244718,738.0545437102465,1851514,M&M
2018-11-22,698.98779296875,724.1423948358381,696.1772267611054,721.4723226299063,2578750,M&M
2018-11-26,700.6741333007812,707.3257833579275,692.5703117183416,700.767795962556,2676798,M&M
2018-11-27,704.281005859375,706.2952677243011,691.4929075230385,699.8309429690098,2179714,M&M
2018-11-28,701.142578125,711.2606046320263,698.4725060257522,707.0447554890059,2007876,M&M
2018-11-29,724.3765869140625,731.0282371997812,704.5152415407856,708.2626630383429,5038807,M&M
2018-11-30,740.9589233398438,745.7368627791747,727.655565859068,728.8734663846708,5214780,M&M
2018-12-03,712.9937133789062,750.2337114886249,708.8246958649926,749.4842386861606,5839713,M&M
2018-12-04,693.553955078125,713.8837261703799,691.867627003708,713.8837261703799,7101096,M&M
2018-12-05,672.7090454101562,693.5540792028336,669.9453103924315,693.5540792028336,4837874,M&M
2018-12-06,666.0572509765625,676.4094900458912,661.88823368064,672.1936414237215,3970063,M&M
2018-12-07,675.5663452148438,680.9064319500501,664.7925090853141,680.9064319500501,2716587,M&M
2018-12-10,665.6826171875,679.6886173619188,655.7988037950975,665.1673581350274,3150111,M&M
2018-12-11,676.7374877929688,683.8107919382552,650.177659585794,655.7051294201373,4383980,M&M
2018-12-12,703.3909912109375,705.4520844343522,675.7069268237403,679.2201344155449,3460143,M&M
2018-12-13,711.2605590820312,716.7879710735632,699.1282714445274,707.3257553643124,3510371,M&M
2018-12-14,709.4336547851562,715.7574278717192,704.1403996254419,705.545682533567,1760631,M&M
2018-12-17,708.5905151367188,714.8206260342326,703.1099342577871,712.0100600078857,2022203,M&M
2018-12-18,722.2686767578125,723.2523634843595,704.8900206517624,707.8879121648364,3600834,M&M
2018-12-19,733.2298583984375,737.3051562754183,718.6617120435313,726.0628921390713,3361238,M&M
2018-12-20,745.2215576171875,746.6736718916708,729.3418488929307,730.4660866858276,2707144,M&M
2018-12-21,731.8245849609375,762.6002605645941,728.5924225432065,744.8000087823739,6125095,M&M
2018-12-24,738.85107421875,742.4579448322382,726.062974441621,733.4641553761186,2034516,M&M
2018-12-26,737.9609375,743.3946868498259,723.2522977291311,736.0403955549465,1683700,M&M
2018-12-27,745.408935546875,751.3579437753962,738.3356323512344,744.3315290892173,3156130,M&M
2018-12-28,752.8101196289062,756.0422820851958,746.6737284038427,748.8753156465152,1820270,M&M
2018-12-31,753.0911865234375,758.852870076091,750.6085540349443,757.822352013866,2232551,M&M
2019-01-01,724.5170288085938,754.9648262866227,722.5964868654324,754.168522148103,3442903,M&M
2019-01-02,694.8656005859375,724.0017780944507,688.6823211803477,724.0017780944507,10596260,M&M
2019-01-03,672.9431762695312,697.8166739988216,670.9758029367941,696.4582795067997,11084172,M&M
2019-01-04,679.7821655273438,682.3116862092647,667.5093842817644,674.5357988531514,5919404,M&M
2019-01-07,683.4827270507812,689.4317921172989,677.8615956260372,688.167003238068,2792255,M&M
2019-01-08,677.7211303710938,686.902300651055,672.1936613633974,674.5357995563012,4764487,M&M
2019-01-09,680.4380493164062,683.8575943171007,674.67642305282,682.9675702721556,2569424,M&M
2019-01-10,686.90234375,688.4481207456397,677.1590253837428,682.0306845668714,2550750,M&M
2019-01-11,681.9369506835938,688.5886000016435,675.7068404778032,688.5886000016435,2215240,M&M
2019-01-14,678.7984619140625,680.5316784402381,669.1956955737955,679.2200582140028,1713221,M&M
2019-01-15,681.0001831054688,683.9044118449679,677.6743008372225,681.5622734482384,2138402,M&M
2019-01-16,680.3911743164062,686.2465200506266,678.7985088404762,681.3748609635331,1288969,M&M
2019-01-17,688.2608032226562,693.2729564543066,681.9838609644826,682.967547642148,3318440,M&M
2019-01-18,688.5418701171875,691.3056049129707,682.0307138169157,688.1202737617097,1601885,M&M
2019-01-21,684.1854858398438,691.3992838418969,681.4217509790493,691.3992838418969,1341152,M&M
2019-01-22,663.7620239257812,681.749658311016,660.6235813357688,681.749658311016,5097285,M&M
2019-01-23,651.9108276367188,664.9331409770502,649.8029029206944,663.76207169037,4714919,M&M
2019-01-24,653.2692260742188,655.8455782944305,642.7296033551703,654.8618916102087,3891245,M&M
2019-01-25,640.3406372070312,659.0777443674418,637.99849881198,657.672461330411,3421228,M&M
2019-01-28,630.5504150390625,640.3405638449691,625.3508798339677,640.3405638449691,5762442,M&M
2019-01-29,627.365234375,634.1574359480509,619.823502745548,629.5199903343656,4860919,M&M
2019-01-30,635.796875,637.0616067880912,627.9740989020979,629.4731016973241,2738163,M&M
2019-01-31,637.1084594726562,639.8721941486127,630.269426959706,635.1879174710973,3496189,M&M
2019-02-01,644.9312133789062,670.226306556818,637.5768649425883,645.4933036881937,8005192,M&M
2019-02-04,631.8621215820312,644.9312655507384,628.0209802208044,644.5565005268236,2652101,M&M
2019-02-05,641.6522216796875,648.8659617879398,630.1757441860552,632.6115451081781,3550741,M&M
2019-02-06,651.2081298828125,654.159247103091,638.9821790208676,644.4628171183689,2221744,M&M
2019-02-07,656.6420288085938,664.1368726486411,649.3345103196511,651.1145586041106,2710457,M&M
2019-02-08,639.0289916992188,662.0756669087252,635.7031667452791,657.672435462993,10858152,M&M
2019-02-11,606.6607055664062,630.8784520741616,604.4591182389357,627.1310304572818,7931599,M&M
2019-02-12,607.7380981445312,616.2634592539655,603.3348664099747,606.1454325578472,3357448,M&M
2019-02-14,594.341064453125,601.8359073482155,592.3736338844957,600.2432417967862,3530468,M&M
2019-02-15,587.9235229492188,596.6831541768607,579.7260392015132,594.9031062620584,5765467,M&M
2019-02-18,585.2534790039062,590.2188003323861,576.7280620237749,590.2188003323861,4750172,M&M
2019-02-19,592.6546630859375,601.461126122797,585.7687992340792,587.4082960731989,3526711,M&M
2019-02-20,593.5446166992188,597.0578237949617,588.4856327900121,596.7767786635233,2369483,M&M
2019-02-21,594.1536865234375,595.7931834193736,585.5346056914368,593.5447076610728,2813880,M&M
2019-02-22,605.7706298828125,607.644340531607,592.3267788501565,594.903130992249,4053346,M&M
2019-02-25,609.6118774414062,612.6566577772244,601.7422684702279,608.8624044872753,1863303,M&M
2019-02-26,610.1738891601562,614.5771208217789,599.587434948077,604.0843292739648,3862642,M&M
2019-02-27,614.7176513671875,620.1982322083666,606.2859533462279,613.1718171909001,3193418,M&M
2019-02-28,605.1149291992188,621.8377753125795,601.9295979485233,621.8377753125795,3955320,M&M
2019-03-01,608.6749267578125,610.8296826068597,600.5242738512225,608.9559719240166,3957539,M&M
2019-03-05,615.2797241210938,616.3571305987746,601.507939644019,608.815399617229,6039244,M&M
2019-03-06,617.2940063476562,622.8682498753079,612.7033923095892,618.3245243491266,7495708,M&M
2019-03-07,629.3793334960938,634.7194197553488,612.8907042833786,619.9171185242127,8703088,M&M
2019-03-08,627.8336181640625,636.7805750708008,624.3204106995493,629.566777640778,3877059,M&M
2019-03-11,638.0452880859375,640.6684714792613,629.0983314428163,629.5199277623581,4027884,M&M
2019-03-12,644.4627685546875,649.334370254993,640.2000312952578,643.5259132767659,3876498,M&M
2019-03-13,640.9964599609375,645.8681193543783,638.2327251643699,644.9312639779902,1808059,M&M
2019-03-14,642.5890502929688,644.5564234805681,634.3915667094586,639.8721471471338,1901877,M&M
2019-03-15,650.7396850585938,652.9881607082258,643.6196074699442,644.7906766247294,5208071,M&M
2019-03-18,640.9964599609375,659.7335674886988,638.9821980292575,652.0513419660938,2600716,M&M
2019-03-19,645.8681030273438,649.9902322705785,632.4710257387705,642.6827719557012,2331409,M&M
2019-03-20,635.75,650.5054713531404,633.4547502010671,645.4933182421371,2369729,M&M
2019-03-22,635.9373779296875,641.2774646743741,627.6930625738943,635.8437152704043,2770303,M&M
2019-03-25,622.634033203125,632.3773515663701,621.5098525452297,629.5667855594085,2337486,M&M
2019-03-26,627.3182983398438,629.9415389763011,619.2613654738984,622.6809102585662,2434715,M&M
2019-03-27,618.3713989257812,630.1758113430203,616.9661158176182,629.6136637910855,2426853,M&M
2019-03-28,614.5302734375,620.900878331194,612.328629073641,617.4345021272229,3910004,M&M
2019-04-01,619.167724609375,645.4933371111283,617.3876765692795,635.328479420938,5458057,M&M
2019-04-02,626.3814086914062,628.5362215505563,619.6829278405113,623.0087526023927,3802792,M&M
2019-04-03,616.8723754882812,634.0168158132451,615.4202612288835,630.3162259914122,2745080,M&M
2019-04-04,612.0944213867188,620.8540532370153,610.0802166884878,619.2613877023147,3684739,M&M
2019-04-05,616.63818359375,621.1350776974186,612.7033798101234,615.9823734329605,2694077,M&M
2019-04-08,624.8825073242188,626.1472391517557,616.7318544881153,618.6992849967536,3413270,M&M
2019-04-09,625.6788330078125,627.505712406851,618.7461376114362,625.6320016757579,2401571,M&M
2019-04-10,627.9273071289062,632.3773701037102,621.2287684101772,630.1288943597849,2499060,M&M
2019-04-11,630.2694702148438,636.8274580134374,627.0373076493137,627.0373076493137,4863931,M&M
2019-04-12,635.3753051757812,636.5932056856831,625.3977728985498,631.4405012982345,3302657,M&M
2019-04-15,640.0596313476562,642.6828150750043,630.7847398611534,637.061682581637,2408677,M&M
2019-04-16,644.650146484375,651.5828989793176,641.5585352511055,643.8538423055874,3002929,M&M
2019-04-18,641.4180908203125,648.2571239996144,638.232759496799,646.0554794380008,2996875,M&M
2019-04-22,630.8784790039062,642.4486208674606,628.5363403933796,637.99855750746,1483513,M&M
2019-04-23,623.7113647460938,633.1735796264652,621.8376542999921,628.6298546671106,3248237,M&M
2019-04-24,625.9598388671875,626.9435254131479,620.4323701901073,625.8192877115769,2247998,M&M
2019-04-25,623.1493530273438,630.5036445827964,622.0719465125954,629.3794067372138,3169504,M&M
2019-04-26,617.8092651367188,626.1941318623785,610.3612537506609,624.5077465062053,3632433,M&M
2019-04-30,604.5526733398438,620.3855497264896,599.5873520171726,618.0434116326725,5042085,M&M
2019-05-02,605.1149291992188,618.9803777624323,595.0905649255649,605.208591867309,3007579,M&M
2019-05-03,605.021240234375,611.2981832069769,602.2575052112384,604.3185986444819,2330580,M&M
2019-05-06,598.18212890625,604.2716885583889,594.9967979080712,599.5874119028974,1498420,M&M
2019-05-07,595.8400268554688,602.3043519060636,594.1536985930442,601.2269453372595,3160875,M&M
2019-05-08,582.3961181640625,596.7768240983852,579.9134287549457,595.4183724817195,3853705,M&M
2019-05-09,585.9562377929688,588.2983763586284,577.196605248731,581.6935570396915,1366143,M&M
2019-05-10,589.0478515625,591.9520805228065,579.9135111207753,586.7057129876988,2093110,M&M
2019-05-13,578.6017456054688,589.0008725794559,576.1659449707167,589.0008725794559,1463136,M&M
2019-05-14,575.46337890625,581.3655559716304,571.9970027944835,577.9460683706383,2756314,M&M
2019-05-15,571.1538696289062,588.7199069071538,568.6243488246164,578.9765886910415,2805369,M&M
2019-05-16,567.03173828125,573.9644912045537,559.4900636486356,571.4818014895704,1940170,M&M
2019-05-17,580.5224609375,583.192475906554,568.6712174703266,568.6712174703266,2599966,M&M
2019-05-20,612.000732421875,620.6666440558625,592.3267708744439,594.9031229818456,4938702,M&M
2019-05-21,598.7911376953125,620.8540704100378,594.3410746500044,618.324549453324,2150188,M&M
2019-05-22,600.1026611328125,603.1942722389022,591.3899181316106,603.1942722389022,1458607,M&M
2019-05-23,599.1190185546875,613.6402770184837,594.996831989293,608.9560000946784,3161573,M&M
2019-05-24,623.430419921875,625.3509620019128,597.573177296723,604.0375022482896,3165620,M&M
2019-05-27,636.45263671875,639.8721814981757,623.0087857925137,625.5383065845851,2987573,M&M
2019-05-28,628.2083740234375,639.1695935871352,625.1167626544756,637.0616689472362,5411769,M&M
2019-05-29,629.7074584960938,634.7196126385766,619.1209454112458,625.8194852288843,5418102,M&M
2019-05-30,619.917236328125,625.3509862707336,614.9050255751879,618.324570694658,5394745,M&M
2019-05-31,606.1921997070312,623.898787436298,604.3653204681215,618.0434419148617,4226041,M&M
2019-06-03,612.141357421875,617.3877249281804,594.9500260685429,606.1922911658694,4170532,M&M
2019-06-04,609.6586303710938,617.7624521720217,606.8948956008799,613.4528831730622,1640476,M&M
2019-06-06,594.0598754882812,614.1086001820755,591.4835236187149,612.9843624754983,3846513,M&M
2019-06-07,603.3816528320312,604.9274869707476,590.2656784515398,599.5874002510398,2173168,M&M
2019-06-10,606.0985107421875,608.3938175231797,597.9010273680052,602.7726860665977,2306052,M&M
2019-06-11,596.6362915039062,607.0354199314039,595.8399873492331,607.0354199314039,2274832,M&M
2019-06-12,592.280029296875,598.5569722732228,589.7036767990629,593.0295022236511,1734002,M&M
2019-06-13,600.571044921875,602.1168789525593,588.4387580315747,592.0925163689523,2141936,M&M
2019-06-14,597.0111083984375,600.5243161763805,593.4042379521959,599.6342921030783,1338649,M&M
2019-06-17,585.5814208984375,601.4142990727875,582.9582373733975,600.5242750604224,2647789,M&M
2019-06-18,586.3777465820312,590.0314478900258,580.9439401764706,584.597698665574,2252507,M&M
2019-06-19,576.306640625,592.4205082757719,569.6081014281918,590.0783697008204,2316163,M&M
2019-06-20,587.548828125,591.1088668521516,572.6528058847562,575.97863078537,2283701,M&M
2019-06-21,587.829833984375,593.4509654455096,582.9581752818372,587.4082376885686,2713987,M&M
2019-06-24,594.7625122070312,596.7767737979434,586.4713664011186,586.4713664011186,2166403,M&M
2019-06-25,601.1332397460938,603.9438057098138,594.9031289874033,594.9031289874033,3352119,M&M
2019-06-26,602.866455078125,606.6138767103123,599.5874611499612,599.5874611499612,2124949,M&M
2019-06-27,616.357177734375,619.0740240292928,604.2717204528717,604.2717204528717,3744033,M&M
2019-06-28,613.9681396484375,620.6198470385099,610.3612693711074,618.1371574525826,3503838,M&M
2019-07-01,618.3245849609375,621.5567476367296,613.1250487508986,615.7950638589647,3547891,M&M
2019-07-02,624.1798095703125,626.2877338803061,614.8580884076753,619.261319513661,2275170,M&M
2019-07-03,626.9904174804688,632.3773355238199,621.4161169385181,626.7093723231246,2615478,M&M
2019-07-04,629.7074584960938,631.6280008693291,623.2899638972735,629.0984795377183,1777421,M&M
2019-07-05,601.5078735351562,632.6583091325369,598.1820489903033,629.5666983891681,3039710,M&M
2019-07-08,595.6994018554688,604.4590329577263,586.6587827889281,599.9152505796578,3903971,M&M
2019-07-09,592.7484130859375,598.182162878683,590.2188921120912,592.0926028807011,1260744,M&M
2019-07-10,582.3961181640625,595.9336314587694,580.0070914121877,590.2188370203809,2081711,M&M
2019-07-11,594.1068115234375,595.5120944738064,584.2229423609546,585.9093276462851,1399434,M&M
2019-07-12,591.9989624023438,596.7769021689261,588.8136311038776,594.0599985801687,1806912,M&M
2019-07-15,591.9519653320312,597.7136479772958,585.9561260559699,592.1393478177752,2223638,M&M
2019-07-16,583.567138671875,588.2514147659466,579.7728292907933,585.2534666295198,3177195,M&M
2019-07-17,578.9297485351562,586.8930186465583,576.4470590985692,583.6608564004143,1881478,M&M
2019-07-18,567.4832153320312,585.5792111187623,565.2033801868897,583.1569225136844,4915489,M&M
2019-07-19,542.6903076171875,571.377957301885,541.4554208845792,571.045507866476,6294798,M&M
2019-07-22,536.6107788085938,547.8198430073157,531.8611704211168,542.6902427573934,4198301,M&M
2019-07-23,531.1012573242188,538.6056627658458,528.0140114618043,537.7507099509576,4805198,M&M
2019-07-24,522.4569091796875,529.9613134302605,518.6572225674715,529.1063607510654,3041526,M&M
2019-07-25,520.129638671875,525.3067237658341,514.7626156122544,522.456958537448,4763735,M&M
2019-07-26,536.1832275390625,538.0355861470788,517.7072418976359,518.5621944793695,5063750,M&M
2019-07-29,525.44921875,536.7057678578719,524.4992970369773,535.7558461448491,2984154,M&M
2019-07-30,521.26953125,533.1910369521122,520.1296136178297,524.1667808302443,3186153,M&M
2019-07-31,522.4569091796875,526.0665998655693,514.6200555419922,519.2271523678573,2986522,M&M
2019-08-01,521.0795288085938,524.1667742854218,512.2927532206985,518.6572401071139,2737518,M&M
2019-08-02,528.5839233398438,535.6133088903613,515.0000550938188,517.6123396787704,5848740,M&M
2019-08-05,518.1348266601562,526.4941264083992,515.1900344677218,522.8844353783195,3152495,M&M
2019-08-06,521.9344482421875,524.5942171953955,515.8074421676772,515.8074421676772,2811436,M&M
2019-08-07,492.3443603515625,523.8817694943621,489.2096306248349,523.8817694943621,8411409,M&M
2019-08-08,512.5301513671875,514.3825099516549,490.4919602130568,492.53431469978403,5648169,M&M
2019-08-09,518.2297973632812,520.8420821669423,503.4585257964862,513.8126960279005,4313483,M&M
2019-08-13,486.7398376464844,517.7072577634594,484.6974830712022,517.7072577634594,3618940,M&M
2019-08-14,497.3315124511719,499.5163208445754,477.3831560287006,490.06464597015884,4641413,M&M
2019-08-16,501.41607666015625,505.2633053948479,489.7320529652189,498.4238585070322,3120580,M&M
2019-08-19,494.481689453125,508.9205097241769,492.05940090923684,500.608695519629,2998027,M&M
2019-08-20,501.3686218261719,508.2080691184421,491.58444068933414,496.7140406531905,3175896,M&M
2019-08-21,494.814208984375,508.77801080873115,492.1543819905775,501.84359438316744,2709407,M&M
2019-08-22,486.1698913574219,497.5214667286241,484.3175615240459,495.4316274922268,2516270,M&M
2019-08-23,506.54571533203125,509.4429647428954,483.7475959359342,485.4099588085663,2807785,M&M
2019-08-26,517.0422973632812,525.021661718157,502.41354001749073,525.021661718157,4036331,M&M
2019-08-27,526.3041381835938,531.0062624792689,517.2323969945652,519.6072013884796,4144339,M&M
2019-08-28,512.6726684570312,531.8610952252536,507.9705452225035,528.8213346913137,3322911,M&M
2019-08-29,501.5586242675781,516.9473663806019,497.99641812931407,509.15799736254144,4399017,M&M
2019-08-30,502.31854248046875,506.2132559206489,493.0568066592833,504.0283898055801,2929342,M&M
2019-09-03,489.63714599609375,495.7641524834314,487.3098262632453,492.6769069954089,3379359,M&M
2019-09-04,480.3753967285156,493.72178450221224,477.9530790935055,490.1595782648226,3431149,M&M
2019-09-05,491.1094665527344,493.48427054960445,481.3252856813522,481.46776812330313,2329699,M&M
2019-09-06,502.98345947265625,504.40834179410854,488.8296052214529,493.436759514648,2670087,M&M
2019-09-09,505.88079833984375,509.87048114339694,495.8591358301876,497.4265298532829,3061953,M&M
2019-09-11,518.419677734375,520.7944815719122,506.49817406566,506.49817406566,3224627,M&M
2019-09-12,516.37744140625,524.309322825857,513.1952267272019,518.7522457872182,3726538,M&M
2019-09-13,523.644287109375,525.1166540080187,514.3825514190052,514.8575122236394,4358612,M&M
2019-09-16,510.0604248046875,522.9318511435608,508.8255382959842,517.7072822402192,2441611,M&M
2019-09-17,495.81158447265625,512.4826967470174,493.9592257802577,510.5828535709395,2445056,M&M
2019-09-18,500.6087341308594,504.7408703198088,492.2494347961249,498.7088907375734,2401637,M&M
2019-09-19,493.2942810058594,502.93600854913643,487.3097864521696,502.5085322284556,2336366,M&M
2019-09-20,540.4104614257812,545.2550387528702,492.6768974931476,498.18643158517085,14378491,M&M
2019-09-23,536.7056884765625,572.0427825702108,524.356708033739,547.3923061674675,9599883,M&M
2019-09-24,530.7687377929688,546.5849569293877,526.8265396362583,535.6608576280559,3615703,M&M
2019-09-25,507.92303466796875,530.7211505343123,501.55854905955977,530.7211505343123,5044376,M&M
2019-09-26,538.5582275390625,541.2179972373505,509.1581334255724,510.96300820939155,6270296,M&M
2019-09-27,527.3014526367188,539.3654684533343,521.649465546041,534.6158604923528,4326078,M&M
2019-09-30,519.7496337890625,530.5787053910246,513.2426359522848,529.8187796962821,3381186,M&M
2019-10-01,528.8214111328125,537.7506401423879,509.72795056749266,523.4068459582107,5664019,M&M
2019-10-03,534.5209350585938,536.6582588151095,519.7021222262468,530.056291615926,3797753,M&M
2019-10-04,535.9932861328125,546.2049437773454,527.6339872846389,536.7532118501708,4653685,M&M
2019-10-07,525.2591552734375,534.7108866984272,519.1321494165318,533.000981451951,2367535,M&M
2019-10-09,547.6773071289062,549.8146308079114,523.3593364614495,528.1564291230491,4863273,M&M
2019-10-10,537.7031860351562,547.1549188859415,531.2437298384771,547.1549188859415,2156410,M&M
2019-10-11,532.0511474609375,545.5400478680597,526.3516169772482,540.0779978211909,3133395,M&M
2019-10-14,540.1730346679688,543.6876988143291,526.7791029990241,534.7109845211473,2630640,M&M
2019-10-15,554.1843872070312,557.1766060137018,536.895799291314,539.5555686678957,4967499,M&M
2019-10-16,554.99169921875,557.5090146702378,546.5373737199927,553.3293364055145,2279203,M&M
2019-10-17,563.5885009765625,566.4857504011418,549.7671526229738,551.9994452996293,3744228,M&M
2019-10-18,563.5885009765625,565.6783401934875,554.3742494146313,559.5038494944822,2955289,M&M
2019-10-22,565.9633178710938,571.0929180667717,558.0314951393317,563.6835406563838,3494913,M&M
2019-10-23,562.2111206054688,569.6205560592695,557.7465351123041,567.0082714509371,2371317,M&M
2019-10-24,551.9520263671875,565.6784073778748,549.6247064623516,562.3536812220015,2212393,M&M
2019-10-25,548.7697143554688,556.3690870784702,541.6927869114511,556.3690870784702,2284548,M&M
2019-10-27,561.8786010742188,565.2033265243621,550.954503166605,555.181665691795,851951,M&M
2019-10-29,581.162109375,587.0516357631705,562.8286313748843,565.6309121057241,6543163,M&M
2019-10-30,585.6741943359375,588.8564667192009,574.7026106376691,586.2916666131936,4296705,M&M
2019-10-31,576.0799560546875,590.5187757232541,573.5151561828677,586.6715469262182,4595842,M&M
2019-11-01,560.2163696289062,579.21480522463,551.9045540557771,578.5023638897904,7558094,M&M
2019-11-04,557.0340576171875,564.7758839837874,552.7594103543706,561.4036738499547,3128961,M&M
2019-11-05,551.0971069335938,561.0237424865854,548.199799315821,554.0893255529331,2653917,M&M
2019-11-06,550.7645874023438,560.7387652041369,548.1997872290159,560.6912807150903,2763550,M&M
2019-11-07,551.2869873046875,554.2792635900641,543.3551649931734,550.7645420109939,3279435,M&M
2019-11-08,550.9545288085938,566.6282352315968,547.9622525727569,549.0546856058055,8374614,M&M
2019-11-11,546.2049560546875,557.5565315197214,541.4553477411685,552.5694427905264,3492576,M&M
2019-11-13,545.9199829101562,551.8095087257325,543.355182863852,545.2550261605786,3342543,M&M
2019-11-14,549.482177734375,550.6220952845736,539.318004711245,546.3949324410037,2193683,M&M
2019-11-15,553.851806640625,561.2611839176287,550.7170767901945,554.516763391593,3063043,M&M
2019-11-18,544.9700317382812,553.4242991635393,543.1651575127227,551.0494951712849,3212994,M&M
2019-11-19,532.5735473632812,546.2048985977101,531.6236258005026,545.0174966442369,3208662,M&M
2019-11-20,532.3836059570312,539.9829792372354,529.5813254642326,534.0934533493538,2876499,M&M
2019-11-21,524.166748046875,534.4734326022977,522.646896618118,532.4310778899534,3346254,M&M
2019-11-22,518.6571655273438,527.2064594646076,512.1977105926886,526.9689790774614,2798026,M&M
2019-11-25,520.3671264648438,525.1642197380602,518.8947593384181,520.0821615337005,3054435,M&M
2019-11-26,511.6277770996094,525.2117030669103,510.0604411655013,522.4569070926118,4408905,M&M
2019-11-27,512.9102172851562,526.7315659872033,508.2080934231809,514.8575451128299,6630809,M&M
2019-11-28,514.8101196289062,516.0924908388678,509.3955538938897,514.76263513569,2426425,M&M
2019-11-29,503.98095703125,516.5674198232723,501.7961486706231,515.8074940428743,3328894,M&M
2019-12-02,507.4006652832031,510.5828795737515,497.2839766639235,498.70885911854793,4087250,M&M
2019-12-03,496.7140197753906,510.34537132286255,495.8590671578116,510.34537132286255,3052238,M&M
2019-12-04,499.2313232421875,502.7460450251439,493.15185932711734,496.6190386435684,2612985,M&M
2019-12-05,498.4713439941406,504.5508652352517,495.8590596759245,499.2312696546266,2332044,M&M
2019-12-06,484.6500549316406,501.46368033968446,482.65521359672385,501.3686533840822,3409528,M&M
2019-12-09,487.9272766113281,492.5343734025283,484.50752389889504,484.65003533722745,2566094,M&M
2019-12-10,480.4228820800781,489.0671460402451,478.5230387500531,488.82966562399196,2462096,M&M
2019-12-11,482.32269287109375,485.78990091661893,477.47808690850064,482.22769491313966,2148791,M&M
2019-12-12,486.2648620605469,488.4971836221653,482.75016952821545,485.40993841696934,2994158,M&M
2019-12-13,490.34954833984375,496.61900779564957,488.0222287917321,488.7821544865852,4066433,M&M
2019-12-16,483.36761474609375,493.76923893250995,482.1802127392444,490.15954842741064,2346317,M&M
2019-12-17,480.5178527832031,487.07230610207364,479.7104136158892,484.3650237125186,3521314,M&M
2019-12-18,496.4765930175781,498.6139168138257,481.13533457750924,481.5152974545358,10092679,M&M
2019-12-19,508.5880432128906,511.81774183639334,498.23387467547286,498.23387467547286,10732682,M&M
2019-12-20,504.0284423828125,512.6252803477804,502.0336299585315,506.7832385674107,4746509,M&M
2019-12-23,499.5638427734375,509.0630597268885,498.4239251432996,503.41101404386137,2963573,M&M
2019-12-24,501.0836486816406,505.9757681587932,499.8487621858257,502.50853109495336,2372038,M&M
2019-12-26,501.8910827636719,509.34800253569597,500.6561962090372,503.45847668441905,4623580,M&M
2019-12-27,503.60101318359375,506.0707864157612,498.7563777193308,503.36353275824615,3017840,M&M
2019-12-30,510.0129699707031,512.8151925261565,504.7408582970194,504.7408582970194,4697710,M&M
2019-12-31,504.9308776855469,511.67535667156596,504.0284404575827,511.67535667156596,2502181,M&M
2020-01-01,509.72796630859375,511.05787989381747,503.03102984994706,506.2133023650824,2611808,M&M
2020-01-02,512.815185546875,513.9076186485729,506.7832061904134,510.1079320042212,2776519,M&M
2020-01-03,506.0707092285156,512.0077189566775,503.83841676217105,511.96023447457435,1930883,M&M
2020-01-06,498.2339172363281,503.45848643518383,494.4342305462513,503.363517459379,2059404,M&M
2020-01-07,500.2762451171875,505.35830260038847,496.85649249287326,502.41356876540345,2111349,M&M
2020-01-08,498.3764343261719,500.0862817603586,493.0093536241724,494.8142280138585,1612378,M&M
2020-01-09,514.1451416015625,515.2850592849023,499.3738701452697,503.31601057776675,2897598,M&M
2020-01-10,519.2271118164062,520.1770333952717,512.2452114031901,516.8523078692426,2355888,M&M
2020-01-13,527.1590576171875,529.1063855013159,519.2271766559836,521.4120429431035,3442869,M&M
2020-01-14,534.3308715820312,535.5182735188802,527.1589754791855,527.1589754791855,2793249,M&M
2020-01-15,541.2178955078125,542.4052976480227,528.8214287597419,533.8560022385093,2564513,M&M
2020-01-16,539.0330810546875,541.2653738615278,535.8033240784825,540.7429285214821,2243200,M&M
2020-01-17,540.7904052734375,545.2550488018594,536.848265056205,538.4156010539172,2646260,M&M
2020-01-20,538.7955932617188,545.2550491471811,536.0882816625798,540.5054407051325,1847978,M&M
2020-01-21,525.11669921875,536.6107864676709,522.5518990571813,535.755833754275,3101684,M&M
2020-01-22,525.8765869140625,528.6313828101796,521.5069706429265,525.7816179432783,1862669,M&M
2020-01-23,538.130615234375,538.9855679116308,522.0294316559109,525.7816337726858,2113303,M&M
2020-01-24,539.3179321289062,543.3550985076783,535.8506954592239,537.7505384609989,2284717,M&M
2020-01-27,549.339599609375,553.3292815614193,534.8058120499211,536.7056550767414,3654906,M&M
2020-01-28,543.8301391601562,560.216287457995,540.0304525983386,552.1419535141324,3689004,M&M
2020-01-29,548.8172607421875,551.6195413455954,543.4977224275232,548.5797803178075,1934080,M&M
2020-01-30,539.4130249023438,558.1264943609677,535.6133380266281,549.0547535409206,2901951,M&M
2020-01-31,538.748046875,548.1047512393747,536.9906571661814,542.215225852172,2352196,M&M
2020-02-03,530.7212524414062,537.4181886673438,508.39809303586924,517.707313873093,3818209,M&M
2020-02-04,548.0098266601562,549.8146430197891,530.8162098955488,533.8559707911506,2793702,M&M
2020-02-05,555.086669921875,560.3112387797911,548.4847611115813,551.1920145101468,3320830,M&M
2020-02-06,551.0971069335938,559.64640238077,547.2023931093745,555.7042040664572,2207104,M&M
2020-02-07,540.600341796875,552.379392445454,533.1909651534321,550.0045885226446,4083215,M&M
2020-02-10,501.9386291503906,538.6055820944761,499.706278458596,538.4155861664442,9648880,M&M
2020-02-11,497.80645751953125,510.7729119740709,496.5240864102338,506.49826430491976,5404802,M&M
2020-02-12,504.4084167480469,507.5431467253336,497.66399594907796,500.2762805932533,3426829,M&M
2020-02-13,506.8781433105469,511.0578215481106,501.8435704188997,503.8859250533347,3392352,M&M
2020-02-14,496.8089904785156,510.06040822562494,494.57669793836504,508.4455299304503,3507540,M&M
2020-02-17,496.5715637207031,499.0888793920356,490.1595923096754,497.85393481146116,2652464,M&M
2020-02-18,496.9989929199219,498.61387123630806,488.3546715692023,494.4341930031455,2868873,M&M
2020-02-19,500.038818359375,503.12606396024086,495.66914364482324,501.7011813752259,1952880,M&M
2020-02-20,498.56634521484375,506.30822970477755,496.8090133876147,499.563809311038,2077458,M&M
2020-02-24,487.4997863769531,495.8590850268944,485.5049451795582,495.8590850268944,1911411,M&M
2020-02-25,483.4626159667969,493.4842773765065,480.7553335750509,489.73207541382084,2105613,M&M
2020-02-26,477.8105773925781,486.78734834488137,474.9608125174733,482.27522062596535,3058370,M&M
2020-02-27,468.78631591796875,478.7604928523936,463.13427072607186,478.7604928523936,6039260,M&M
2020-02-28,434.1617126464844,460.71203644562115,430.88450009009665,460.71203644562115,8613275,M&M
2020-03-02,435.3490905761719,448.7905054231553,422.0977006485747,430.83696263526747,9225488,M&M
2020-03-03,442.90093994140625,447.4130674796833,432.4518024843436,438.86377319663205,4582866,M&M
2020-03-04,450.88031005859375,453.1126317571458,434.5891593897153,442.71097798586527,5912943,M&M
2020-03-05,455.29742431640625,458.337185119137,445.5132431520731,449.02796476839876,4081050,M&M
2020-03-06,447.4130859375,450.0253704095343,433.63922235768314,435.87154397710117,4502562,M&M
2020-03-09,440.00372314453125,442.37852728717377,418.9154507621422,430.83695596248435,4540694,M&M
2020-03-11,428.984619140625,446.1306931756301,427.1797738194626,439.6712376085304,5104905,M&M
2020-03-12,402.1493225097656,414.1183406864389,379.6361685824681,406.47145427305816,9408350,M&M
2020-03-13,407.3739013671875,427.22725785776925,328.3404092739293,380.4436170584471,6230411,M&M
2020-03-16,372.1792907714844,407.13642487541443,369.3295258222714,399.91701453954676,3156508,M&M
2020-03-17,354.7007141113281,387.56800675669325,351.4235020360133,372.3692613936857,4526913,M&M
2020-03-18,329.0528259277344,364.4849178691374,322.1184100650362,360.02027489607593,6595508,M&M
2020-03-19,298.46539306640625,315.1839908612234,286.87633737793215,315.13650637459926,10486153,M&M
2020-03-20,306.4447326660156,311.7642997486314,292.81335107597164,300.1752439254081,8819518,M&M
2020-03-23,278.70703125,288.68120946745927,266.54804463777396,284.0265987638404,6001358,M&M
2020-03-24,255.52896118164062,294.3807565448529,251.15931515539322,284.9765366338,6690908,M&M
2020-03-25,263.9356994628906,273.9098753976857,233.11073462106418,250.20932193785575,9393732,M&M
2020-03-26,271.2026672363281,279.2770023379351,259.42364300361095,263.9357714427443,7557558,M&M
2020-03-27,279.7519226074219,289.7260998141381,266.7379845610309,282.12672670425906,9505126,M&M
2020-03-30,260.6585388183594,270.58523332676504,256.4788886529881,267.5929854236761,8942833,M&M
2020-03-31,270.6802062988281,272.8175301734798,263.88824279459794,269.6352866066919,6236559,M&M
2020-04-01,259.1861267089844,268.82782561058366,252.20419681840974,266.92798232004947,5980392,M&M
2020-04-03,266.6430358886719,275.4772962057531,257.761262092452,260.2785488288839,6961905,M&M
2020-04-07,304.92486572265625,307.58463488713,278.08957769566234,280.7018623708564,10795407,M&M
2020-04-08,310.054443359375,332.85256462093656,297.1355021799614,299.2253415579953,8451195,M&M
2020-04-09,362.30010986328125,372.03680673146874,315.75394922511657,318.9361925359956,11027315,M&M
2020-04-13,344.6790771484375,360.970227678707,337.2221863840552,360.970227678707,7717484,M&M
2020-04-15,335.46478271484375,360.8751836569784,331.80757902437654,354.3682153748699,11300538,M&M
2020-04-16,338.8370666503906,342.39927286416975,325.823128353661,325.9181263172234,6155773,M&M
2020-04-17,345.0115661621094,352.1834632585008,337.7446421104395,352.1834632585008,6178483,M&M
2020-04-20,338.0296325683594,349.04872975455265,336.272271678393,348.6212534066956,4834154,M&M
2020-04-21,315.42144775390625,331.57011454789415,307.2996298738288,331.57011454789415,8003757,M&M
2020-04-22,323.1633605957031,328.43541421735154,304.5448902464023,310.6243830775819,9071476,M&M
2020-04-23,330.0977478027344,332.1400733941563,314.9464870632606,321.07349282683225,6738333,M&M
2020-04-24,317.55877685546875,327.48546909526834,315.3739687879016,324.8731847152481,5754928,M&M
2020-04-27,313.75909423828125,326.15558856536137,311.71676858732906,320.6460258680013,5770537,M&M
2020-04-28,319.1261901855469,321.07351797398536,312.04926229128455,317.701307709331,4244512,M&M
2020-04-29,330.5727233886719,334.1824139448942,319.4111443662095,320.12358558040927,7748491,M&M
2020-04-30,348.28875732421875,349.5711573133111,337.22217621256914,337.8396194697448,7422465,M&M
2020-05-04,339.1695556640625,344.25164292065574,324.0183208582556,332.52010328815294,7125034,M&M
2020-05-05,349.71368408203125,362.6801100833285,343.3492257939792,345.5340342083696,13401536,M&M
2020-05-06,367.76214599609375,373.3191932197453,340.3094172289408,352.8958785779526,7015473,M&M
2020-05-07,380.58612060546875,383.2459187401734,365.81484987104955,368.09465613700394,12971483,M&M
2020-05-08,367.3347473144531,387.47307074640855,361.63521689212996,384.7183035068145,9444781,M&M
2020-05-11,370.5644226074219,381.8684838693754,365.1023733978475,369.04454224689636,7658595,M&M
2020-05-12,373.36669921875,375.40905399205957,361.1602290023201,369.42453010278376,4686856,M&M
2020-05-13,392.3651123046875,397.92215956197856,384.00581367084106,394.2174710535536,7361621,M&M
2020-05-14,380.3961486816406,387.09308493572524,376.16898560625077,381.39355485078204,4765875,M&M
2020-05-15,362.2051696777344,383.72092157582983,354.51082631184113,382.5810038234613,14226503,M&M
2020-05-18,358.3104553222656,364.29495007722437,348.8587233790369,362.96506557493444,7717665,M&M
2020-05-19,363.7250061035156,371.41937752269155,352.6109398218697,364.76992575118555,5950003,M&M
2020-05-20,384.7657470703125,392.98259241324917,360.68525678889364,363.72498863054244,10608175,M&M
2020-05-21,387.8529357910156,391.5576528223023,377.8787600683589,380.1110813850999,6249309,M&M
2020-05-22,404.99908447265625,408.7987709150139,378.7337577377205,383.7683306781216,10016203,M&M
2020-05-26,407.65887451171875,413.40591794718415,400.5344620631067,405.6165487409783,5895376,M&M
2020-05-27,410.8410949707031,413.16841450325416,394.2174668505013,405.1415653294911,7591278,M&M
2020-05-28,418.34552001953125,421.76524401208593,402.62432713687696,407.99137906124076,7449375,M&M
2020-05-29,414.4983215332031,427.46474637539507,409.5112328254902,412.26599983760326,9539035,M&M
2020-06-01,438.0088806152344,446.93813836819317,419.39041039225776,419.72288876913933,9668047,M&M
2020-06-02,439.6712341308594,454.86998027610724,437.7713908627034,441.80855780753484,8520940,M&M
2020-06-03,460.80694580078125,467.93135736545224,443.1383993225362,446.4631247193827,9873294,M&M
2020-06-04,454.4900207519531,461.89939795635246,445.8932125069443,460.99696080164,5829493,M&M
2020-06-05,459.95208740234375,464.9391762044602,451.59275925473474,455.01248308833345,6265829,M&M
2020-06-08,447.2705993652344,469.4037614556531,444.8007973620524,461.18694526273663,5955200,M&M
2020-06-09,454.77496337890625,458.6221342410105,440.0986631477704,450.0728398902843,7656301,M&M
2020-06-10,448.4105224609375,459.47713334809544,445.3707904445426,452.30520719033694,4849036,M&M
2020-06-11,450.7853088378906,455.9623934424922,445.9882160859377,448.3630202184507,4331683,M&M
2020-06-12,482.9876708984375,487.2148338048049,433.2592670978281,434.11419077852383,18368009,M&M
2020-06-15,482.7026672363281,494.8616814120391,473.7259252868581,479.8529023655172,17605860,M&M
2020-06-16,481.37274169921875,493.0092805957465,476.19565769647016,491.2044064734126,6712936,M&M
2020-06-17,472.6810302734375,479.6154468904786,467.8364239433703,479.6154468904786,9273745,M&M
2020-06-18,481.2303161621094,483.4151243726193,467.36145420294093,472.01606451401096,7114752,M&M
2020-06-19,475.00830078125,481.2303048683036,471.54109262015555,481.2303048683036,9811021,M&M
2020-06-22,473.7734069824219,477.0981326454564,469.3562772565374,476.6231718364515,5149581,M&M
2020-06-23,490.5395812988281,493.8643071961477,472.68103622821167,474.96084247422607,9132472,M&M
2020-06-24,489.5420837402344,501.22616605066975,486.88231479960587,493.9592424652638,7568963,M&M
2020-06-25,481.84771728515625,490.4919803969052,478.14302895307736,484.36500365251084,5248401,M&M
2020-06-26,476.29071044921875,489.44713112546503,473.72593938275753,489.20965071249776,4079405,M&M
2020-06-29,482.0377197265625,485.36244527283884,468.35882571615196,469.35626077361854,4459947,M&M
2020-06-30,485.125,489.6846123407179,481.7052762498074,483.51012159345373,5487685,M&M
2020-07-01,473.96343994140625,495.28919352803206,469.4987963921306,488.0222693909096,8990865,M&M
2020-07-02,503.1735534667969,505.3583618565426,479.1405162330403,481.1353576698098,16513522,M&M
2020-07-03,503.933349609375,508.68295705149916,497.9488558280198,504.78830214039994,7982179,M&M
2020-07-06,541.977783203125,544.8275481394085,506.9257092740077,506.9257092740077,16728066,M&M
2020-07-07,531.9561767578125,539.5555507114955,524.0243533851046,536.7057854788644,9208254,M&M
2020-07-08,523.644287109375,539.792954466943,521.5069634885205,535.7557876275511,5172833,M&M
2020-07-09,532.2410278320312,536.0407139960702,520.604488954662,526.2565337193919,4123902,M&M
2020-07-10,527.0640258789062,540.4579564791657,524.3567722570699,527.4915022346222,5752443,M&M
2020-07-13,528.013916015625,532.431074796372,521.6969719492779,531.956113980318,3165043,M&M
2020-07-14,517.8973388671875,526.2091540058987,511.05789081446665,525.3067167665429,3097258,M&M
2020-07-15,522.5994262695312,531.6711665585588,515.5699827694816,522.4569148285857,5671780,M&M
2020-07-16,544.6367797851562,548.0711448693801,517.5909363943613,521.8362336702365,11751032,M&M
2020-07-17,561.7131958007812,564.0504991552207,539.4850862956065,545.6383761136753,9124092,M&M
2020-07-20,566.674072265625,570.10843729145,555.3692340138886,561.8087121078162,5771917,M&M
2020-07-21,561.2362060546875,570.0129867003945,558.5650271348636,565.576879077818,3850519,M&M
2020-07-22,564.7660522460938,583.845986443597,555.2260851473421,561.5224401415829,11559026,M&M
2020-07-23,575.5939331054688,580.9840381957588,557.611117118918,563.7644079866568,7605913,M&M
2020-07-24,571.1578979492188,573.3043907572753,562.9534905020186,566.7694777163413,3531702,M&M
2020-07-27,567.0556030273438,572.3979607029722,560.9500014889128,570.6330902817374,3345182,M&M
2020-07-28,591.8118286132812,597.0111222654837,561.6655562321389,564.3844235318817,10289416,M&M
2020-07-29,577.02490234375,596.1525834779496,573.3520382019447,591.4779761817067,5182915,M&M
2020-07-30,570.8239135742188,586.5171712486525,568.8205437550736,578.1220117661628,4958267,M&M
2020-07-31,578.55126953125,582.7488197786201,564.9091293294636,572.3026032326951,3962668,M&M
2020-08-03,569.6791381835938,591.9549372701919,566.8648363448194,581.93797217537,5002825,M&M
2020-08-04,574.87841796875,581.5563952153776,569.6791822657482,569.6791822657482,4889709,M&M
2020-08-05,585.9924926757812,591.4779738852004,575.4508404318435,578.0266432539083,3834812,M&M
2020-08-06,581.6040649414062,589.5699134585292,577.6926438477573,589.5699134585292,3857553,M&M
2020-08-07,572.8273315429688,588.1389669694554,571.1578373139395,582.0333647837847,7679198,M&M
2020-08-10,599.968505859375,611.3210308570891,577.1679630369013,577.1679630369013,12341769,M&M
2020-08-11,600.588623046875,611.1302751506731,593.7675814396356,601.0179332160685,5128836,M&M
2020-08-12,605.7401733398438,618.7621924346716,595.627774100805,599.1098850997224,8891590,M&M
2020-08-13,602.4011840820312,615.6140141258772,599.4915060039544,605.9309832609769,5773589,M&M
2020-08-14,586.1832885742188,608.5067765935206,579.6006880014731,604.8339125605472,3622823,M&M
2020-08-17,594.9122924804688,602.9258876964826,585.5631368800093,599.1099010654923,5687622,M&M
2020-08-18,594.0060424804688,603.641385436727,590.1423094331424,596.2479113361586,3989439,M&M
2020-08-19,595.1985473632812,602.8305207445584,593.3859303942936,598.1559137575917,2762486,M&M
2020-08-20,583.8936767578125,594.3399524144164,581.9379951409213,591.4779622743791,3165784,M&M
2020-08-21,581.7471923828125,592.3842791780371,580.0300099199646,591.4779706420693,4191258,M&M
2020-08-24,574.2583618164062,587.3758172775748,573.3520532481664,584.8000143779134,3707968,M&M
2020-08-25,581.3178100585938,584.2275462961844,573.8289599733162,577.1679481028367,4248590,M&M
2020-08-26,585.1338500976562,596.7249332429507,582.4149828054699,584.79997454505,5814785,M&M
2020-08-27,607.4573974609375,609.8900773954077,587.280344006989,590.6670788668116,7637436,M&M
2020-08-28,602.3535766601562,617.2359028031125,600.3978367231884,612.7044181998439,7809917,M&M
2020-08-31,578.9806518554688,611.0349194193162,574.4014208657699,607.6959307886095,5012805,M&M
2020-09-01,579.6007080078125,592.9566623739485,577.1680279651629,581.9380116673543,5572232,M&M
2020-09-02,613.1813354492188,616.1864481320853,574.3536608667109,580.029952474718,7887097,M&M
2020-09-03,614.9939575195312,625.821796097045,602.9258767276409,611.0348481709715,9194655,M&M
2020-09-04,602.9259033203125,619.9070326227908,597.4881105847728,600.063913272906,5889085,M&M
2020-09-07,582.3673095703125,604.690797889608,577.4542031696825,603.2121146185658,9387992,M&M
2020-09-08,580.6024169921875,595.7709890844746,577.4542392637909,582.8920325550264,6825892,M&M
2020-09-09,585.6586303710938,588.6159970165452,569.9176839354811,578.8852184836073,6589023,M&M
2020-09-10,587.1372680664062,595.1985516539596,584.7045881790546,591.000942973063,4699612,M&M
2020-09-11,585.9924926757812,593.2905909670748,583.9413764108887,586.6126138425644,2837723,M&M
2020-09-14,586.9940795898438,600.4454662025262,583.7505261787688,586.7078922634738,4918699,M&M
2020-09-15,585.2293090820312,595.2939629968465,583.7983139786734,590.7624785028801,3805649,M&M
2020-09-16,610.033203125,619.9070457060066,587.6619688034905,587.6619688034905,18993356,M&M
2020-09-17,607.5050659179688,613.8968552325235,598.7760313510638,601.9718968946734,6363964,M&M
2020-09-18,624.0570068359375,629.0654898499423,605.3586353139145,610.5579293263022,13518207,M&M
2020-09-21,593.8152465820312,635.9341651719354,587.1372698054935,626.7758203121897,9301954,M&M
2020-09-22,587.4711303710938,595.5324137769375,575.2599847937418,593.8152314379455,5369370,M&M
2020-09-23,584.4182739257812,594.6737370258134,575.4984293111037,593.433553133601,4116481,M&M
2020-09-24,548.6434936523438,578.5036377482555,541.3931418280491,577.1680190413564,8991885,M&M
2020-09-25,565.05224609375,568.0573590552555,550.0744859314736,557.0387085753003,5415792,M&M
2020-09-28,586.9464721679688,589.5699631041116,565.8154218822826,567.6280389109165,5494528,M&M
2020-09-29,584.9908447265625,597.6789904196107,575.3554421872227,586.9465265054517,5747565,M&M
2020-09-30,579.9346313476562,594.3399585776228,577.6927041116422,587.6142933242588,4990827,M&M
2020-10-01,582.0810546875,593.290514851246,580.1730614681389,586.4217276160799,3842191,M&M
2020-10-05,579.0759887695312,587.900458120632,569.6313982812022,586.7079622623752,5977261,M&M
2020-10-06,598.53759765625,603.8799562850546,580.9840337718772,583.4644020865346,9071955,M&M
2020-10-07,602.5443115234375,607.6005407755374,596.2479563948438,600.9225636639152,6086867,M&M
2020-10-08,604.9769897460938,611.4641552225936,598.7282652011561,604.9769897460938,4683786,M&M
2020-10-09,604.0707397460938,617.6651931185415,599.3961324884917,604.9770482830581,4972397,M&M
2020-10-12,605.2155151367188,610.2716858789921,601.0179064672826,608.5545035059814,3247640,M&M
2020-10-13,599.0145263671875,612.4658559881425,595.6277916408366,605.1677582450133,3769222,M&M
2020-10-14,595.1507568359375,598.9190550591086,587.9480941366769,594.721504946925,2776984,M&M
2020-10-15,588.902099609375,603.8798581310783,585.8492987916819,592.384210549879,3794955,M&M
2020-10-16,578.7421264648438,595.2462578753534,574.353706669626,589.0929674604607,4274910,M&M
2020-10-19,569.96533203125,586.2309638916452,567.8188394864881,584.513781501303,3646287,M&M
2020-10-20,574.5444946289062,580.983972152767,563.1442227745301,569.9176340693629,4377671,M&M
2020-10-21,573.2089233398438,582.7012026377647,564.9568863974827,578.9806502531072,3684706,M&M
2020-10-22,576.5479125976562,579.0283390841729,566.7694459097137,572.2072390304279,3818694,M&M
2020-10-23,596.3910522460938,599.1099195134606,577.501871259182,581.6994799734596,6421723,M&M
2020-10-26,569.6791381835938,597.0587961942382,567.2464000786966,596.2002341225123,4800537,M&M
2020-10-27,569.6791381835938,577.1679887968834,566.197027026364,572.7796273796101,5712121,M&M
2020-10-28,576.3571166992188,584.7999640143644,566.8648381011528,571.4440105132206,6811118,M&M
2020-10-29,564.7183227539062,576.3570934086187,563.0965168202658,570.6808017545444,3680773,M&M
2020-10-30,566.674072265625,574.0675471142085,559.8052839866341,565.2907653259057,4209087,M&M
2020-11-02,568.6297607421875,572.3026832277787,561.9040951871979,564.7660854852651,4085120,M&M
2020-11-03,568.3911743164062,577.5972649865473,566.6739920465801,571.7301624850309,3669816,M&M
2020-11-04,569.34521484375,575.8801271284284,564.7660423619583,570.299211536929,2475177,M&M
2020-11-05,574.4013671875,579.4575960805055,571.6824999903698,575.5461748279415,3794240,M&M
2020-11-06,585.3723754882812,590.8101685435302,574.0198492358445,575.260033350502,5908936,M&M
2020-11-09,587.995849609375,593.3859543181521,582.128804772375,592.4319576070296,3819808,M&M
2020-11-10,591.4302368164062,598.8237108789513,582.8919551245164,593.3859183100641,7876161,M&M
2020-11-11,604.0707397460938,614.8985793167217,593.5290875483653,596.2479549319191,7561527,M&M
2020-11-12,603.59375,624.2954909362746,600.5409487816942,603.927625568593,6913788,M&M
2020-11-13,600.8748168945312,609.5562220709727,599.1576344265851,604.7862384226003,4107823,M&M
2020-11-14,602.3058471679688,605.310960332899,600.8748519898768,605.310960332899,295788,M&M
2020-11-17,607.9344482421875,616.2819200697578,604.500083124067,609.6039426077016,6173551,M&M
2020-11-18,673.2831420898438,677.2899397031143,607.695871783536,607.8866827608031,32986476,M&M
2020-11-19,671.518310546875,694.8912300493192,660.4519137236003,666.8437033554508,15336768,M&M
2020-11-20,682.6799926757812,685.4942944932743,665.3172998912521,677.3376346232085,6730897,M&M
2020-11-23,672.9969482421875,687.5930853385589,666.8436582055535,683.4432232028917,4484068,M&M
2020-11-24,695.7974853515625,711.2045556906593,673.7601843816608,677.3376720863421,16121626,M&M
2020-11-25,686.8299560546875,699.2319135202335,683.0616573331499,698.3256049830527,5423034,M&M
2020-11-26,694.9866333007812,702.9047946908607,686.8776609149794,688.7856544175211,6798860,M&M
2020-11-27,688.78564453125,708.7718878289752,678.291680417893,703.0002192120968,11302666,M&M
2020-12-01,700.75830078125,702.6186060884595,675.47738691656,702.5232297044347,5710611,M&M
2020-12-02,718.931884765625,723.1294935069964,696.9422726309655,700.2335728682524,6337698,M&M
2020-12-03,711.5384521484375,721.5554180157211,709.4873940739219,715.5452501408191,2957787,M&M
2020-12-04,716.0221557617188,729.2827321496607,709.010303853874,714.6388490090102,5356456,M&M
2020-12-07,717.6917724609375,721.0784494152,709.82129895452,715.4975914924958,3525945,M&M
2020-12-08,719.3134765625,728.8534430951592,709.3441998904042,718.6933554469432,4333519,M&M
2020-12-09,720.2675170898438,727.8518025907607,715.6883445207005,721.9846995248552,3213975,M&M
2020-12-10,702.2847290039062,720.2198562124813,697.419310654969,710.7275769288361,3814006,M&M
2020-12-11,694.080322265625,712.3493832782262,688.8810283442783,704.9082202903269,4197494,M&M
2020-12-14,678.95947265625,703.4771998391311,677.3376665978017,697.9917187364024,4183639,M&M
2020-12-15,684.9219360351562,686.8776176064852,668.7516804752029,677.337650695284,5495877,M&M
2020-12-16,698.2779541015625,711.9200963971039,692.7924726217858,703.1910025774787,11262389,M&M
2020-12-17,697.0377197265625,704.4788824220212,691.9814905797034,701.2829585058614,3630553,M&M
2020-12-18,699.8519897460938,704.0019105286145,689.3103373456796,692.6970141493412,6671658,M&M
2020-12-21,654.39404296875,696.4175856345161,629.876316322177,695.463588941866,9130116,M&M
2020-12-22,663.075439453125,667.1776138945914,636.6020292409303,657.1129596756036,7305751,M&M
2020-12-23,678.7686157226562,682.1076039939553,656.588193634741,661.1196777172182,4383472,M&M
2020-12-24,678.1962890625,689.3103158735138,667.8930779422511,679.7226605179909,3373695,M&M
2020-12-28,678.2439575195312,685.732808235364,674.7618463146217,682.4892544299815,2484872,M&M
2020-12-29,674.5233764648438,684.015655576117,671.6136980831051,681.6306637505377,2808820,M&M
2020-12-30,687.5454711914062,690.9798362095657,671.9475893511914,677.3376942939032,3219036,M&M
2020-12-31,687.449951171875,692.1722461556582,680.6765983613847,686.6390773239056,3723205,M&M
2021-01-01,698.7549438476562,710.4890924398654,689.7396627512893,691.647656285871,9543128,M&M
2021-01-04,714.638916015625,716.4515330653143,693.7941110808919,701.187585623177,4547027,M&M
2021-01-05,706.052978515625,713.5895762076855,696.4176345342385,713.5895762076855,3551554,M&M
2021-01-06,702.2369995117188,712.1109010233276,696.8469526945103,706.9116069783558,3601608,M&M
2021-01-07,710.1551513671875,720.2674928769089,706.0529190642976,708.819532725223,4063641,M&M
2021-01-08,735.0545043945312,737.2486852994945,710.727586987574,715.4975707928597,5998381,M&M
2021-01-11,752.798828125,754.9930672784825,728.0903467115475,737.4871916077187,6643610,M&M
2021-01-12,743.974365234375,760.0969340995606,741.6371197063727,753.6097676441481,5532160,M&M
2021-01-13,790.2431640625,798.9722573893914,746.2639383198226,748.5058073332034,19610461,M&M
2021-01-14,791.7219848632812,805.0301939314043,789.2892463883946,790.7679880424928,8576718,M&M
2021-01-15,781.9434204101562,799.4492366081953,777.8411880079814,789.9092695842312,4996951,M&M
2021-01-18,771.7833251953125,783.0404745353886,760.4784876660194,780.2739190600896,3955069,M&M
2021-01-19,770.8770141601562,781.8956642906371,764.6760356715274,772.7373193522124,3991167,M&M
2021-01-20,786.5702514648438,793.6775382751539,765.1053264703514,769.8753098024608,4502291,M&M
2021-01-21,771.06787109375,796.5872840869548,763.4835853063762,785.1393231180406,4455107,M&M
2021-01-22,761.6709594726562,788.6690534057748,758.4273475256376,770.829304151843,5588252,M&M
2021-01-25,757.9981079101562,775.5516714437751,748.1719530067314,765.2007717447018,3353172,M&M
2021-01-27,734.5297241210938,779.4152543575391,728.2810577787492,760.3353215703288,6585102,M&M
2021-01-28,729.8074951171875,742.3048289321802,721.3169009680257,723.1295180376839,4622634,M&M
2021-01-29,715.115966796875,763.1497398615109,711.6816016615633,737.0102046596799,8761073,M&M
2021-02-01,758.5704345703125,771.6401416632593,707.4361808769806,718.3594538054112,6592083,M&M
2021-02-02,779.2721557617188,798.8768338910343,765.6777032288177,772.7373018701708,5334431,M&M
2021-02-03,794.8700561523438,819.3877828048044,780.3692947751139,783.2312848537512,8802838,M&M
2021-02-04,826.63818359375,852.4437840270019,796.5872859789744,796.5872859789744,14706560,M&M
2021-02-05,825.6842041015625,841.1389634147897,802.5020942453925,839.4217808749515,15668083,M&M
2021-02-08,885.6905517578125,908.2525385773793,850.0110522016242,850.0110522016242,21179625,M&M
2021-02-09,853.8270874023438,895.8029442131852,844.4779309399426,886.7399751290262,9210613,M&M
2021-02-10,872.0961303710938,874.8149977492807,845.3364756246997,857.6430566811379,6465767,M&M
2021-02-11,872.1437377929688,877.7245948323381,860.8388427003139,874.2902302277006,3640848,M&M
2021-02-12,866.7537231445312,876.2936905078024,863.3670463760379,873.8610104756362,2484145,M&M
2021-02-15,869.90185546875,877.6769517562208,856.9275238206798,868.9956051982625,4178613,M&M
2021-02-16,870.2357177734375,879.3463737376204,860.6003170928018,872.9068966313238,4223635,M&M
2021-02-17,872.8592529296875,877.820047191339,862.9853525937656,863.366974547483,3903522,M&M
2021-02-18,853.3023071289062,872.8592382680538,850.6311281797579,872.8592382680538,4616205,M&M
2021-02-19,838.8016357421875,863.9871730320929,823.1560658761341,849.0571007228284,5171996,M&M
2021-02-22,798.590576171875,841.9020475760708,794.7745895539665,839.517055939878,5960870,M&M
2021-02-23,802.2635498046875,817.5274972576246,781.418686627867,803.3606110914642,7348084,M&M
2021-02-24,810.5155639648438,816.5257896894998,801.3572190381991,802.4065921055286,3184114,M&M
2021-02-25,819.483154296875,826.7335058285901,803.312898803524,813.8545505515146,6134649,M&M
2021-02-26,769.3030395507812,817.2413785476278,761.7664415717824,809.0369711659903,12073749,M&M
2021-03-01,781.752685546875,813.4730789903087,778.6521959621784,783.2313689341078,9223619,M&M
2021-03-02,820.48486328125,828.0691488127329,782.3249946723682,794.631575589668,9706013,M&M
2021-03-03,812.8529052734375,828.0691648208555,808.0829216051146,827.0674798959756,5028771,M&M
2021-03-04,806.3656616210938,818.8153061532729,796.3963850670905,803.1220497474784,4574138,M&M
2021-03-05,801.73876953125,821.1525771374977,799.7830299106023,801.3571475986037,5179108,M&M
2021-03-08,811.8511962890625,817.90905207737,801.3572325297445,808.9415179830828,3474579,M&M
2021-03-09,812.80517578125,825.8749420138103,803.2652089293574,813.7591724664393,3536262,M&M
2021-03-10,824.0623779296875,834.7471531352872,809.9432377278387,817.0028369424333,3971353,M&M
2021-03-12,816.4303588867188,835.8919147306527,805.3163323406486,829.5001252368965,4012449,M&M
2021-03-15,805.5548706054688,822.3451899397527,786.0933138171185,822.3451899397527,3069303,M&M
2021-03-16,804.0761108398438,817.098189337382,801.3572434832469,812.805204104436,2996797,M&M
2021-03-17,798.4475708007812,812.1850887072435,795.3470814438845,808.6076009877472,2034583,M&M
2021-03-18,806.747314453125,820.9618300261735,795.6332298578216,803.2652032857144,5033325,M&M
2021-03-19,811.1834106445312,820.43719060261,782.8020078300805,801.309567746238,7538327,M&M
2021-03-22,813.8069458007812,819.8171139008274,793.8684479306379,810.7064562495236,2906300,M&M
2021-03-23,805.7933349609375,825.2071444912712,802.7882220686759,820.3894728076277,3925212,M&M
2021-03-24,774.0729370117188,806.1272024822066,771.4016996997306,797.7797314505862,4066262,M&M
2021-03-25,755.2791748046875,776.5532888867064,751.8447518584677,774.4544845685724,4501404,M&M
2021-03-26,762.5771484375,777.1733427987416,755.7084195937755,763.0541467309438,4170972,M&M
2021-03-30,758.4273681640625,768.4920215929735,746.979407889888,768.4920215929735,5670999,M&M
2021-03-31,758.6658935546875,768.68285914076,753.7527871429638,758.5227707553794,3972382,M&M
2021-04-01,770.4476928710938,772.5464972054621,743.8789087138949,764.6283364337118,5678798,M&M
2021-04-05,738.82275390625,771.5925171692021,733.8619594345754,771.1155188205283,4176802,M&M
2021-04-06,745.1668090820312,755.1837745664969,739.3474524248485,747.9334228401048,2984229,M&M
2021-04-07,759.6676025390625,761.8617834248319,739.7291053437872,745.3576512483831,2271095,M&M
2021-04-08,758.5704345703125,773.6912576841813,756.5193185493906,765.1052881167859,3324494,M&M
2021-04-09,754.7545166015625,764.1513608567433,748.8874135737123,758.4273806256067,2065092,M&M
2021-04-12,716.928466796875,743.1633740981579,704.574198804077,743.1633740981579,4628388,M&M
2021-04-13,773.9298095703125,779.4152905010112,716.2606984012391,719.3134994342257,12501628,M&M
2021-04-15,768.062744140625,771.6879782970091,749.0305559563066,767.9673677585473,5256004,M&M
2021-04-16,783.8513793945312,799.3060787128375,766.2501293627545,768.0626880813121,6915568,M&M
2021-04-19,758.3796997070312,769.8753484693148,748.9827971344165,748.9827971344165,4317341,M&M
2021-04-20,773.83447265625,783.4221281699037,763.7220723579868,770.8293596587239,4830957,M&M
2021-04-22,762.9111938476562,767.8242420528574,749.3644286855308,758.42739758752,4576665,M&M
2021-04-23,742.1140747070312,768.5397373734256,738.4888405748563,759.3813921162258,4796085,M&M
2021-04-26,744.5944213867188,756.8055674526543,739.9675607010674,744.1174230386171,3528851,M&M
2021-04-27,742.591064453125,751.7017214138995,741.255445764416,745.071432615198,3624649,M&M
2021-04-28,746.120849609375,764.7237866015194,743.0203601106844,749.8414602987407,5214319,M&M
2021-04-29,738.9657592773438,755.6130119579465,733.2417795517955,751.7493372886679,3642323,M&M
2021-04-30,717.93017578125,742.5910244110677,715.9268060835507,733.0510577985275,4466148,M&M
2021-05-03,718.311767578125,731.286098335514,706.0051878737098,710.6321064229303,3749870,M&M
2021-05-04,707.0546875,727.6133050304148,697.4669739474741,724.0835055450045,3820769,M&M
2021-05-05,713.16015625,714.5434629840203,703.4293791540168,708.9626060900981,3102424,M&M
2021-05-06,713.0171508789062,724.5604875609637,711.8246550139277,716.928514025101,3662506,M&M
2021-05-07,732.0970458984375,736.4854071579267,716.4514776886049,717.4054743300012,4833670,M&M
2021-05-10,744.5467529296875,747.742618655732,733.2896032616134,736.4854689876579,2095644,M&M
2021-05-11,740.3013916015625,743.831190810078,730.9522361881436,734.5774117695917,2938331,M&M
2021-05-12,724.7514038085938,736.1993657751036,720.4107298750946,736.0085547635259,3480378,M&M
2021-05-14,707.3886108398438,728.5673509555004,702.1416285611936,727.9949179523331,4984389,M&M
2021-05-17,718.8842163085938,721.2215199167547,701.5692107866781,705.957572405289,3479938,M&M
2021-05-18,761.003173828125,763.149666387873,719.3135066888854,725.9914835414346,8634396,M&M
2021-05-19,748.6966552734375,757.4734372242754,742.2094888671111,757.4734372242754,4360320,M&M
2021-05-20,766.2979125976562,772.308080658836,746.0254810474537,747.981162798593,10092542,M&M
2021-05-21,781.2755737304688,783.2312552314384,763.9128229312719,767.0133120658666,5721630,M&M
2021-05-24,772.7373657226562,786.0933201919368,769.8753754792391,783.7083283224224,3495533,M&M
2021-05-25,773.9298095703125,789.9092540206086,771.1631958969385,781.9434050034852,5044078,M&M
2021-05-26,783.4220581054688,788.0012303652721,775.599273955165,778.461263895959,3084558,M&M
2021-05-27,790.4816284179688,792.7712437486106,779.3199138062655,787.3334510088387,6902630,M&M
2021-05-28,806.9381103515625,813.7592102583803,773.2143492548854,790.8632887505244,11638455,M&M
2021-05-31,770.7816162109375,786.0932510204191,753.6573644491882,786.0932510204191,17596018,M&M
2021-06-01,769.2074584960938,780.3692305293268,763.4357906248091,775.5992474576317,7230033,M&M
2021-06-02,769.1121215820312,774.6452905835898,765.391511304304,769.2074979574251,4244490,M&M
2021-06-03,765.1530151367188,775.7901012649093,761.3847166565286,774.6452936190199,5001405,M&M
2021-06-04,767.5857543945312,776.5533470494288,766.1547592832608,776.5533470494288,5084092,M&M
2021-06-07,766.8702392578125,774.4068366286574,765.6777433590927,770.7339725515358,2994862,M&M
2021-06-08,770.686279296875,772.7373956750979,760.812435865297,767.1087913539347,2960405,M&M
2021-06-09,767.442626953125,779.1767742588472,764.1513268213488,770.8293034602369,4176767,M&M
2021-06-10,769.82763671875,773.6436234593078,766.1070263557715,770.8293215926791,2264605,M&M
2021-06-11,771.7833251953125,778.318179256155,768.4443367673971,771.7833251953125,1783272,M&M
2021-06-14,770.3046264648438,772.2603080020872,757.4733595474456,771.7833096648407,1598770,M&M
2021-06-15,771.4016723632812,776.0762792662678,768.9213043498609,770.2091765438801,1640381,M&M
2021-06-16,769.0645141601562,784.0422167647207,764.7237823045065,771.5925706469399,3863280,M&M
2021-06-17,768.6351318359375,772.6419295119371,756.0900522827408,765.1053324969059,1988175,M&M
2021-06-18,745.5960693359375,771.7356008079096,737.5347860069022,768.9212990480609,5793496,M&M
2021-06-21,741.1123657226562,743.0203592581228,727.2794125905239,740.3014917610197,3024852,M&M
2021-06-22,739.538330078125,753.2281608500211,737.1533380811156,744.2128794558571,2925669,M&M
2021-06-23,745.9777221679688,749.841397110667,739.3474335378714,745.9300339790143,2700327,M&M
2021-06-24,755.37451171875,757.4733159272391,743.1633666339034,746.9793531121262,3251137,M&M
2021-06-25,757.7119140625,765.0100124463894,753.6574278997482,756.7102291265822,1763201,M&M
2021-06-28,756.996337890625,762.2433194387012,752.9418521489298,758.4273328582822,1409432,M&M
2021-06-29,745.6437377929688,755.5653259703818,743.5449918026952,752.7033360992818,3167773,M&M
2021-06-30,741.9232177734375,753.0849903957559,739.7767252778891,748.7920054046592,2393862,M&M
2021-07-01,743.5927734375,762.0048989433388,739.2520998996288,742.209466513825,5697553,M&M
2021-07-02,746.5977783203125,751.0815743608384,741.2554202043688,749.8413903225661,1963778,M&M
2021-07-05,755.326904296875,756.9963985596088,748.410428065549,749.8414231478923,1320469,M&M
2021-07-06,745.9299926757812,758.4273253113621,742.8771917963569,754.2297168237368,1420179,M&M
2021-07-07,743.0680541992188,745.9300443041421,733.1941534008303,742.0186228910109,3004815,M&M
2021-07-08,740.5398559570312,751.367694006018,735.5313738394475,742.1616618120008,2010027,M&M
2021-07-09,736.05615234375,740.3014493624948,731.7154789446308,736.4854625101109,1658120,M&M
2021-07-12,737.2963256835938,745.0714220729857,733.1464633330212,740.3014385769999,2681410,M&M
2021-07-13,745.2145385742188,746.2162234544473,738.0595633906757,742.1140493280168,2189466,M&M
2021-07-14,749.9844360351562,750.7953098387131,741.3030322048161,744.1173337664502,2067565,M&M
2021-07-15,752.3963623046875,756.3035247452804,747.8620989675184,753.4575465636636,2109663,M&M
2021-07-16,752.2999267578125,756.3518233020459,749.1163147883145,756.3518233020459,845054,M&M
2021-07-19,748.4409790039062,753.1682013902291,742.8455309370281,748.4409790039062,1265906,M&M
2021-07-20,733.3911743164062,748.3445589775058,725.8179732067977,747.6692330549765,2179910,M&M
2021-07-22,731.7028198242188,740.0477370815927,729.0015752720209,737.2500426421688,2182264,M&M
2021-07-23,737.2500610351562,740.7713063647699,731.5098794168323,731.7510630236299,1179241,M&M
2021-07-26,727.6991577148438,737.1535432086382,725.962647543774,736.0923589048499,1187498,M&M
2021-07-27,719.2577514648438,733.1981759284479,716.4600569126419,729.3392381604034,1732564,M&M
2021-07-28,703.0020141601562,724.2261723218681,699.0948513660212,724.2261723218681,4016758,M&M
2021-07-29,705.655029296875,712.7940289383978,700.4936646299909,704.2561525597674,2489035,M&M
2021-07-30,716.8941040039062,733.1981388013915,706.0408420808593,709.2727376275731,4642619,M&M
2021-08-02,730.979248046875,732.2816159006327,718.3411923989926,723.55078157945,2260861,M&M
2021-08-03,743.6654663085938,745.4502602245148,728.8568172673004,736.4782423510429,3235393,M&M
2021-08-04,739.227783203125,748.4409855598143,737.5877228374194,745.739740836562,2659372,M&M
2021-08-05,732.5711059570312,739.3242473365938,730.0145949072573,738.9866138207036,1451370,M&M
2021-08-06,731.5098266601562,745.0643326080783,728.3744399979136,736.8640905683667,4471604,M&M
2021-08-09,747.6209106445312,754.4222761659038,734.6452216116825,735.1275887959318,6700633,M&M
2021-08-10,758.5706787109375,761.9472492523417,747.8139250300943,749.550435246273,4724852,M&M
2021-08-11,751.2386474609375,762.0919088599993,740.4336110026625,758.5706049418857,3147983,M&M
2021-08-12,748.826904296875,766.6262669713833,746.463293078596,753.4576179572,3551026,M&M
2021-08-13,751.1904907226562,761.6578357803572,745.3538002897302,755.338837013061,3391864,M&M
2021-08-16,771.1121826171875,775.5982210632179,752.73400434844,752.8787380593625,7131928,M&M
2021-08-17,762.767333984375,775.5982906878617,754.4223572469066,771.0640268920589,3835522,M&M
2021-08-18,763.4425659179688,768.8933389883505,759.1495448202547,765.9026858151335,2450964,M&M
2021-08-20,757.943603515625,763.4425424793144,748.8750766192592,760.9824815403931,3050982,M&M
2021-08-23,738.89013671875,765.4685589645513,736.7194842123879,762.1402133449193,2512960,M&M
2021-08-24,750.7081298828125,752.3964151569589,734.7417277554255,739.951317297307,1662376,M&M
2021-08-25,744.8231811523438,755.387034600503,743.3760795534922,753.4093408586155,1693443,M&M
2021-08-26,753.8434448242188,755.2905463495665,740.192430215354,743.8101840287233,2576883,M&M
2021-08-27,747.8139038085938,757.3165142237933,738.0218259633144,752.3963922704575,2907125,M&M
2021-08-30,763.6355590820312,766.1439040373747,755.3870911278685,756.3036006522686,3028708,M&M
2021-08-31,765.3237915039062,767.735627515757,753.7469786470231,760.2107109353259,3324467,M&M
2021-09-01,742.7490234375,774.1993407030038,741.7842890565616,765.3237726218285,6031309,M&M
2021-09-02,725.9144287109375,746.849177476618,723.550817596911,745.5949756199437,4879865,M&M
2021-09-03,723.4544067382812,730.3039979613168,718.8236341496561,729.3392634858064,4257842,M&M
2021-09-06,728.1333618164062,733.0052592510881,720.704894410864,726.4450764461794,3682183,M&M
2021-09-07,726.5414428710938,731.943990764758,721.7177709389189,728.4709116439636,2273976,M&M
2021-09-08,728.1333618164062,731.0757902565432,722.5861384570895,729.3392799379968,2380939,M&M
2021-09-09,724.2743530273438,729.821575844403,721.1871911613069,723.5508022251187,3313559,M&M
2021-09-13,719.2577514648438,726.9274020553756,714.2411205898425,726.9274020553756,3139833,M&M
2021-09-14,723.7437744140625,726.0108767503365,718.3895101540312,718.5341849875522,3089381,M&M
2021-09-15,728.470947265625,733.1981695433994,720.174254689668,725.4802940745216,3336656,M&M
2021-09-16,730.2557373046875,734.1628999629008,724.8531891763819,733.053431817229,2686018,M&M
2021-09-17,727.5545043945312,738.9865840012548,722.7308321752018,731.4616671156444,5504398,M&M
2021-09-20,712.0221557617188,729.8215158088128,706.378483521701,722.9719256642861,2933375,M&M
2021-09-21,712.4081420898438,714.7717531883012,703.8219822244973,713.9999185484421,2380834,M&M
2021-09-22,725.9625854492188,732.2333586125675,712.4080798495994,712.8422220759118,2287017,M&M
2021-09-23,731.7028198242188,735.1276151787579,726.2038219498819,729.8215759615883,1890322,M&M
2021-09-24,751.9622802734375,754.4705662951683,726.0108999655021,732.7158161824246,4967824,M&M
2021-09-27,782.7371826171875,785.0525685845305,755.4352125922646,761.6577608571266,9210666,M&M
2021-09-28,777.6241455078125,793.0116708488805,768.1697602353055,791.0822020633601,3853344,M&M
2021-09-29,783.4608154296875,786.9338947444651,770.8228178146002,771.7875522549189,2291977,M&M
2021-09-30,774.7299194335938,788.5738928901941,773.0416342961581,779.5535912548386,3264689,M&M
2021-10-01,798.6553955078125,801.694332596011,759.2460165500129,771.7875644726942,7704216,M&M
2021-10-04,811.4863891601562,821.953734170152,798.8965577453909,803.141412789497,6544700,M&M
2021-10-05,813.3193359375,816.1653142353128,805.6014606255821,811.486375880549,2647442,M&M
2021-10-06,804.6849365234375,824.7514590757088,799.7648146546431,816.1652993942438,3288323,M&M
2021-10-07,847.2779541015625,856.4911554894605,807.6273953448562,810.0874561933737,9515673,M&M
2021-10-08,846.8439331054688,863.4373782973361,841.7790769757917,862.1832352227221,3938358,M&M
2021-10-11,864.01611328125,870.6728042574681,848.0015456424537,848.0015456424537,5493159,M&M
2021-10-12,858.7100830078125,863.0996717215037,846.072085668923,856.6841642805058,3433345,M&M
2021-10-13,902.3643188476562,936.9018582913998,861.5078395935888,861.5078395935888,17519612,M&M
2021-10-14,898.5535888671875,912.8798702796543,889.6780211523912,905.4031791360163,3354982,M&M
2021-10-18,878.8248291015625,924.2155716530748,876.2682593429639,924.2155716530748,2885649,M&M
2021-10-19,885.143798828125,894.8875925700411,869.418640118675,878.8730253214407,3476818,M&M
2021-10-20,867.6338500976562,892.2828608684482,863.0996455708055,880.8024980743064,3551282,M&M
2021-10-21,865.3668212890625,878.9695537896824,861.8938007433312,876.2683090449226,2614538,M&M
2021-10-22,856.5394287109375,877.7153609438587,853.886409063783,872.1199131009489,1999394,M&M
2021-10-25,859.2890014648438,873.9529771386169,851.8605342929931,851.8605342929931,2833933,M&M
2021-10-26,863.003173828125,868.2609882557728,852.8252373534478,861.8937645616504,3410657,M&M
2021-10-27,855.5264282226562,871.9269125257532,852.3428165756565,868.2609336933682,3362019,M&M
2021-10-28,852.6804809570312,864.4020275398146,846.9403583490719,855.719417888187,2171227,M&M
2021-10-29,853.06640625,869.7080749045801,831.6010655216285,852.3428554389313,2482056,M&M
2021-11-01,839.6565551757812,856.5876908746932,830.0574950741028,853.0663867880745,4146270,M&M
2021-11-02,831.1187133789062,848.2909744963206,828.7068772982942,844.1426282142112,3704926,M&M
2021-11-03,819.0595092773438,839.2224818809557,813.2711028513554,833.5305253423145,3288759,M&M
2021-11-04,842.0684204101562,844.1426229797073,822.9184656019318,825.5714852741537,973315,M&M
2021-11-08,829.189208984375,847.277978813877,824.1725783751168,847.0367952161504,4481883,M&M
2021-11-09,860.6878051757812,873.4705357776987,832.1798569913714,833.5305086835275,15376349,M&M
2021-11-10,887.218017578125,892.3793230828696,863.4372909828846,873.9529195322986,17083220,M&M
2021-11-11,892.1381225585938,896.0452850414317,878.8730247644,886.5426749019493,4935551,M&M
2021-11-12,904.7279663085938,906.3680266698514,892.379376976703,901.061987131071,6239600,M&M
2021-11-15,895.659423828125,915.0987862963663,888.6168157331476,902.026647196426,3757546,M&M
2021-11-16,926.4344482421875,931.8852212476386,892.9099272741038,895.6594556903243,7368780,M&M
2021-11-17,920.790771484375,944.4749895269185,913.8446719401161,926.0968107513802,5416608,M&M
2021-11-18,891.1251831054688,921.3213582538964,885.8191438694515,921.3213582538964,3463426,M&M
2021-11-22,869.0809936523438,897.4442096412853,862.183177760329,893.7300056134864,3731367,M&M
2021-11-23,869.5632934570312,876.4611676969996,862.0866021530667,866.1867231907247,3195288,M&M
2021-11-24,861.7008056640625,875.6894549154832,858.6136437078952,875.6894549154832,2708554,M&M
2021-11-25,859.7713012695312,867.1997678587941,852.3428346802684,859.4818927286954,2288825,M&M
2021-11-26,823.6420288085938,853.7899800827004,813.2711335703011,853.7899800827004,3934155,M&M
2021-11-29,820.7960205078125,837.19650540301,799.1377213255528,815.3935313895394,3936245,M&M
2021-11-30,806.0355834960938,830.4433518062668,799.3306677036348,820.7960078984739,6067618,M&M
2021-12-01,805.2637939453125,812.9816689391428,794.2175735838503,806.5179368552673,5121634,M&M
2021-12-02,819.590087890625,829.6233490830945,805.6014392587917,806.3249900500934,4677008,M&M
2021-12-03,807.4345092773438,825.4267714307048,804.5403059288732,819.0113226712258,2933597,M&M
2021-12-06,793.1563720703125,810.9556737814424,791.1303945988789,808.4473880161003,1552749,M&M
2021-12-07,796.8223876953125,804.2508543354362,793.4940422461262,797.3529798375968,1976433,M&M
2021-12-08,811.1004638671875,813.9464421836155,797.7871406435913,805.0708737403128,2346456,M&M
2021-12-09,821.0853881835938,827.1632617425201,806.5179229372146,827.1632617425201,4078098,M&M
2021-12-10,829.3822021484375,837.968303255134,820.1207162807475,820.1207162807475,3434165,M&M
2021-12-13,813.3675537109375,838.3059734223422,810.0874920619191,838.3059734223422,2683048,M&M
2021-12-14,807.3380126953125,812.2581937916484,796.8706673133518,810.3769498101882,1979863,M&M
2021-12-15,816.3582763671875,823.5937845028881,808.6404010224402,814.2358488708388,3208613,M&M
2021-12-16,823.2078247070312,831.8422090799971,816.3582342450768,822.8219662893329,3965285,M&M
2021-12-17,805.1673583984375,822.1949452051128,800.7296034265106,818.0948237417842,2675800,M&M
2021-12-20,785.5831909179688,800.7295324038371,768.8932979829616,796.8705948982764,2907378,M&M
2021-12-21,783.5573120117188,797.8353697297342,779.0230484362278,793.3976149264039,1973119,M&M
2021-12-22,789.828125,798.0283680223517,782.3996577796787,789.9245748942341,1979912,M&M
2021-12-23,797.6906127929688,804.3955286302302,793.7352253174294,795.8094278245504,1495208,M&M
2021-12-24,783.991455078125,802.7072676185323,779.5054164427872,801.6943082474705,1071730,M&M
2021-12-27,789.683349609375,794.1211632816536,778.4924538636078,779.5054132304953,1492196,M&M
2021-12-28,809.1227416992188,810.3768846250719,790.1656874522253,794.9411344417372,1677680,M&M
2021-12-29,803.3343505859375,813.7052454366652,801.5495566075786,813.7052454366652,1575343,M&M
2021-12-30,800.0542602539062,813.2711338739529,797.9801165351037,813.2711338739529,1874659,M&M
2021-12-31,807.62744140625,815.2005830328176,800.9225254260641,805.3602801948132,1528983,M&M
2022-01-03,800.53662109375,810.3769240914032,797.1600505767025,805.5532519241925,1537088,M&M
2022-01-04,802.5142822265625,812.3063598803437,796.5329760889596,808.39919736055,1886453,M&M
2022-01-05,809.8944702148438,817.1299776914504,800.7294940778086,800.7294940778086,2634010,M&M
2022-01-06,810.232177734375,812.5475638916049,798.3177312203063,809.4121770318272,2962301,M&M
2022-01-07,799.7648315429688,819.7830706919634,793.4940578336451,811.341644544797,2531717,M&M
2022-01-10,812.2581176757812,816.8888308927849,800.4401215985015,806.4697114338483,3403434,M&M
2022-01-11,811.7275390625,818.8183132738476,806.0838075530163,812.3063561432456,2117911,M&M
2022-01-12,849.496826171875,853.0181301275625,812.7886956692313,816.9370416272618,9022415,M&M
2022-01-13,864.402099609375,877.4260151726859,837.389533996582,849.4969400214862,5658001,M&M
2022-01-14,850.1239624023438,864.3537947579164,848.6286358635554,858.4206546633545,2027852,M&M
2022-01-17,869.0327758789062,872.1199378780268,851.5228810398573,853.0182076523746,3617269,M&M
2022-01-18,860.6878051757812,878.0047402812644,856.9735424637089,870.1904153154419,3468168,M&M
2022-01-19,862.8584594726562,876.8953330300018,849.7380364769878,876.8953330300018,4215758,M&M
2022-01-20,849.4486694335938,865.945604707667,842.06842745783,864.4020531658148,2486026,M&M
2022-01-21,844.3355712890625,853.693506885614,834.6882271447238,844.9143883846365,1872843,M&M
2022-01-24,824.5585327148438,847.3744667548062,818.1430251741126,840.4766508796758,3386669,M&M
2022-01-25,824.3656005859375,827.9833548307558,815.4418067820523,816.2618075244569,4742388,M&M
2022-01-27,827.7903442382812,832.4210576046451,811.534593070955,815.7793891223238,2927566,M&M
2022-01-28,838.9812622070312,864.4019891150875,830.0574693506534,833.91640680206,4208702,M&M
2022-01-31,854.5617065429688,857.5041346409738,841.344833690588,847.9050746154232,2335040,M&M
2022-02-01,839.0294799804688,863.1478388457075,833.7234410301162,860.5430443117193,2921070,M&M
2022-02-02,838.6917724609375,849.2556252294319,834.6399353510151,844.8178708315592,1341479,M&M
2022-02-03,826.005615234375,851.2816686023631,822.0984526427749,837.389469518101,2630289,M&M
2022-02-04,812.0169677734375,831.0222474995337,806.6627035540405,831.0222474995337,2080640,M&M
2022-02-07,800.2471313476562,814.9111050247221,793.2045824746049,811.341576206605,1801701,M&M
2022-02-08,802.707275390625,808.1580485050297,788.3327676293462,800.7295815741238,2729631,M&M
2022-02-09,810.5698852539062,816.1171082633026,803.7685192537115,808.4474577172459,2165223,M&M
2022-02-10,822.9667358398438,827.5009996693706,800.8743515921761,814.2359005781973,6949276,M&M
2022-02-11,823.5455932617188,831.552877483045,806.132089196321,822.9184923112078,5146850,M&M
2022-02-14,795.9541625976562,815.5865443893384,753.1682124115816,812.0652400211901,4202165,M&M
2022-02-15,824.4620361328125,827.7421568107909,791.4681651003748,798.8001233558681,2728328,M&M
2022-02-16,833.771728515625,847.5191941000597,824.462017742202,824.462017742202,4401342,M&M
2022-02-17,831.8422241210938,846.3614648502308,828.7068373673754,841.2483843822484,2041741,M&M
2022-02-18,821.9536743164062,839.077709197998,817.2747362257886,826.9703047624854,1616856,M&M
2022-02-21,811.4380493164062,820.5065758833698,802.6589901645664,815.3934955350659,2255753,M&M
2022-02-22,823.1596069335938,825.8126264695649,794.3140255166766,797.8353295447782,2768989,M&M
2022-02-23,820.3136596679688,839.0295308348661,815.875904920873,825.8126575990852,2265060,M&M
2022-02-24,767.7356567382812,802.5626054046611,762.6225759750804,789.2492230063226,5677898,M&M
2022-02-25,779.1194458007812,795.9058472225603,773.7169569363556,784.0396263677845,3470318,M&M
2022-02-28,762.9601440429688,778.5406274894295,759.0047567252896,778.5406274894295,5026913,M&M
2022-03-02,750.9010009765625,782.1584192682118,741.8807578381188,757.7988755290537,5779175,M&M
2022-03-03,735.1759033203125,765.1791811661998,733.2464343482061,764.0697129541505,2763929,M&M
2022-03-04,706.4750366210938,729.3392552077208,704.2561591291484,723.550848420358,4829850,M&M
2022-03-07,666.197265625,694.4639691158033,657.7076154782436,694.4639691158033,7008637,M&M
2022-03-08,675.9412231445312,678.2565505195593,647.4815565664286,666.197369766126,4000294,M&M
2022-03-09,708.93505859375,713.8070144770082,675.3140879128874,680.1377599694081,5490287,M&M
2022-03-10,712.7940063476562,735.6099990516565,709.0798023645475,735.0794068944576,4064470,M&M
2022-03-11,708.8867797851562,715.6399201511496,703.0019238764465,708.1150040912993,2364792,M&M
2022-03-14,716.9906005859375,719.6918450643279,699.866565398415,708.8868082680527,3563695,M&M
2022-03-15,734.3558959960938,742.073771815532,718.7271856851874,718.7271856851874,4811450,M&M
2022-03-16,746.3667602539062,748.6338624440475,738.0217844970314,741.7359882254021,2277631,M&M
2022-03-17,766.385009765625,771.6910488192113,749.5986081157394,757.316483102774,3787641,M&M
2022-03-21,755.8694458007812,763.2014041086843,752.5893250993562,761.7543024255941,3008019,M&M
2022-03-22,757.8953247070312,761.2236701794722,741.8807571436229,755.3870388081363,5436875,M&M
2022-03-23,746.8008422851562,766.1920381926788,744.8713735709379,762.1401421162776,3277274,M&M
2022-03-24,738.6489868164062,752.4929032134631,735.7547833425083,746.4150876948216,2248114,M&M
2022-03-25,737.7805786132812,745.7396368330388,731.4615805305008,745.7396368330388,3148869,M&M
2022-03-28,742.1219482421875,745.4502937482537,724.8049537279813,737.9253770928318,4719388,M&M
2022-03-29,746.0773315429688,755.387042141606,743.5208206891047,743.8102292352212,3519610,M&M
2022-03-30,765.3720703125,766.9639057454367,748.5375008711812,751.8175627485114,4407033,M&M
2022-03-31,778.1065673828125,784.3291164299258,769.8580995216245,769.8580995216245,7059986,M&M
2022-04-01,797.4012451171875,800.2472235114027,779.216024350576,782.3996362480381,3406177,M&M
2022-04-04,804.299072265625,806.5179495848299,781.4348554589859,789.1527305746301,4163250,M&M
2022-04-05,807.048583984375,821.9537428585292,804.2991143835337,807.4827262589072,2669967,M&M
2022-04-06,798.6553955078125,809.1227996806043,793.9282320050482,809.1227996806043,2049292,M&M
2022-04-07,804.8779296875,810.666336314354,793.3011164337921,796.8706456302288,2913537,M&M
2022-04-08,827.163330078125,830.2987169992895,797.8836045770055,800.7295829435288,4145522,M&M
2022-04-11,826.6326293945312,830.9739341016145,816.3582435840624,824.7996694033909,2922901,M&M
2022-04-12,830.443359375,836.8106417418038,813.5605073824906,820.0242396361658,2961076,M&M
2022-04-13,835.5564575195312,844.1426174096993,831.9387034449182,832.0834371609892,3695363,M&M
2022-04-18,843.2743530273438,845.107372022031,827.8386019401834,835.5564774837635,3076843,M&M
2022-04-19,841.7307739257812,856.4911986432949,834.5917157285107,847.133263076402,3301212,M&M
2022-04-20,850.1721801757812,858.5171561924363,842.647263719279,842.647263719279,2208791,M&M
2022-04-21,878.873046875,881.7672501029089,849.6898309935852,850.1721981982367,3206906,M&M
2022-04-22,888.1827392578125,894.3570040210642,857.6970972195875,871.9269294648975,4924905,M&M
2022-04-25,872.1199340820312,895.2735606505807,863.5337740097739,882.1049119866312,5476626,M&M
2022-04-26,906.9950561523438,909.6480757126776,874.6281704100984,874.6281704100984,6384561,M&M
2022-04-27,894.1640625,907.5256693804037,890.4016336384365,897.2029994382804,3154605,M&M
2022-04-28,890.3533935546875,911.6740000558171,886.1085386785905,911.6740000558171,2869224,M&M
2022-04-29,889.5814819335938,906.126698870363,885.6260948235222,896.1417223347502,3467791,M&M
2022-05-02,888.8580322265625,900.7725376152127,877.6189115895855,882.7319922270351,2740823,M&M
2022-05-04,864.4984741210938,891.3663625477274,859.6265771673002,885.529731191887,2408261,M&M
2022-05-05,867.3444213867188,888.5203525314095,864.0643598666105,877.9082744881462,2690817,M&M
2022-05-06,862.3278198242188,882.5390172792922,856.0088212812211,858.6136159375747,4247088,M&M
2022-05-09,863.7267456054688,870.0940283367764,844.142647949582,848.9663202235797,1790691,M&M
2022-05-10,857.0217895507812,878.824822545911,852.9216683083752,863.7267054766708,2436623,M&M
2022-05-11,855.7676391601562,866.7174099479122,845.5897029998499,857.2629657060888,3048794,M&M
2022-05-12,834.7365112304688,857.648955196633,823.5938397308361,853.693567370299,4908042,M&M
2022-05-13,858.1312866210938,873.084670480146,839.4154148831285,848.7733507521111,4956950,M&M
2022-05-16,871.4927368164062,876.8470594747425,861.2183514918731,863.4372286828959,2856221,M&M
2022-05-17,878.6800537109375,884.6614185902715,866.4761992421281,875.0140748760919,3469290,M&M
2022-05-18,881.0919799804688,890.2087325016789,873.2776543238424,877.908368004907,3203522,M&M
2022-05-19,851.4263305664062,880.8025047409354,849.1110033424992,869.2256919732562,2658159,M&M
2022-05-20,871.9269409179688,879.21067387792,857.3112500544999,865.2703088725235,3426756,M&M
2022-05-23,908.683349609375,910.1786761441042,878.149482474506,878.8730332702829,6613972,M&M
2022-05-24,913.4586791992188,926.5308765111155,909.840925452246,915.5328815672341,4546511,M&M
2022-05-25,895.659423828125,920.1636418020146,890.7874680927113,920.1636418020146,1363358,M&M
2022-05-26,897.010009765625,900.5795387283432,882.5389941459945,897.2994183014749,2384886,M&M
2022-05-27,919.2470703125,924.215475597659,890.4497745058865,906.8502578933188,3269005,M&M
2022-05-30,963.1425170898438,976.0699809640736,923.299000115394,937.9629740472652,11690785,M&M
2022-05-31,997.8729858398438,1006.2179618086965,957.0165082590862,962.7566896164168,13301109,M&M
2022-06-01,1010.4146118164062,1019.9655065110967,979.0125169607095,998.5001648039585,7889745,M&M
2022-06-02,1007.7134399414062,1020.6407876552362,998.5001786266469,1008.0992395178966,4081658,M&M
2022-06-03,992.3741455078125,1019.2902610285637,989.5281081351221,1013.0676529789263,2660682,M&M
2022-06-06,999.41650390625,1011.6204170006322,982.0995694103412,991.7469129212483,3443406,M&M
2022-06-07,1005.7839965820312,1008.1475489926316,982.1961674798287,998.3073042330428,2162861,M&M
2022-06-08,1008.1473388671875,1019.6758665930425,997.7764451898456,1019.6758665930425,4293398,M&M
2022-06-09,1008.243896484375,1012.2958516179962,995.6058994150412,999.4648370096731,2757706,M&M
2022-06-10,999.9473266601562,1006.7004682777357,990.3964313907766,996.5707558513666,2425545,M&M
2022-06-13,968.8827514648438,992.7117030522622,963.3355286343767,987.5503975370008,4047155,M&M
2022-06-14,983.3055419921875,988.8527648192221,963.8178952406705,964.7344047016802,3614327,M&M
2022-06-15,989.3351440429688,1002.6485260957946,984.0291047526358,988.5151433420945,3333753,M&M
2022-06-16,969.7992553710938,1001.1048395375327,961.8401965729723,1001.1048395375327,3255301,M&M
2022-06-17,962.46728515625,972.4040375700671,948.478636538753,964.7343874135863,5318310,M&M
2022-06-20,948.0444946289062,972.4522628627071,944.5714155033395,969.5580596994253,3722583,M&M
2022-06-21,962.7567138671875,969.3168960625031,947.176229630937,948.0445141508867,6263423,M&M
2022-06-22,949.105712890625,968.545135053229,938.3489594115142,960.0554839134569,2629024,M&M
2022-06-23,991.4574584960938,995.2199460677142,950.4563069204078,951.2280826348469,7303072,M&M
2022-06-24,1034.2435302734375,1036.6070823779007,995.2199542794344,1000.3330935555471,7273273,M&M
2022-06-27,1044.517822265625,1056.3841017475886,1034.2434957623354,1051.367530288381,6316257,M&M
2022-06-28,1072.78466796875,1081.9013610714846,1041.3825156985642,1043.842635559521,11020641,M&M
2022-06-29,1072.5433349609375,1076.1128046880124,1052.2356312764691,1066.9961128552254,5052023,M&M
2022-06-30,1054.5994873046875,1078.0907476031773,1049.679365164015,1070.1799722213461,4165189,M&M
2022-07-01,1068.298583984375,1074.0869902201855,1026.4773724837294,1053.875852219651,2839545,M&M
2022-07-04,1052.7181396484375,1063.1373183683834,1041.3343442852397,1062.1725839597007,2784613,M&M
2022-07-05,1043.79443359375,1063.1374072104243,1039.9837794671846,1052.5253278281061,3675577,M&M
2022-07-06,1065.597412109375,1072.784636171801,1042.4919529282527,1044.5178715837649,4957228,M&M
2022-07-07,1093.3336181640625,1098.784273688302,1075.293012978388,1079.537868184749,4917004,M&M
2022-07-08,1093.622802734375,1152.7610637179434,1086.4355791490807,1143.1618865647251,10482265,M&M
2022-07-11,1123.9638671875,1126.7133366924215,1083.059104806511,1089.1368609070591,4520273,M&M
2022-07-12,1106.212646484375,1123.384846952473,1101.7266082828535,1122.9507636087928,2452632,M&M
2022-07-13,1100.1348876953125,1115.715372349519,1097.9642352199244,1112.531701612776,3379695,M&M
2022-07-14,1113.6331787109375,1122.1122003458718,1102.4738725465597,1105.9825480910733,2423203,M&M
2022-07-15,1142.72509765625,1146.0387805821292,1111.4402808236669,1113.9742316597815,3879759,M&M
2022-07-18,1133.856201171875,1149.5473278469196,1129.8115640581107,1149.5473278469196,3480683,M&M
2022-07-19,1156.1259765625,1159.2934449914385,1131.517183383825,1132.3943522813072,4056414,M&M
2022-07-20,1136.0491943359375,1164.653848751781,1132.979162488657,1164.653848751781,3028752,M&M
2022-07-21,1145.307861328125,1150.0346749692967,1135.2207165748082,1137.4622382030914,2062279,M&M
2022-07-22,1151.1068115234375,1155.7849666465536,1140.5811409520663,1150.0347690074311,1983433,M&M
2022-07-25,1107.005859375,1154.9077532732008,1103.2536512280703,1154.9077532732008,4380502,M&M
2022-07-26,1107.152099609375,1116.8981568242461,1096.5776513253247,1105.2028881664007,2598868,M&M
2022-07-27,1109.19873046875,1121.0889914670363,1098.1857573705804,1111.0505051046757,1647876,M&M
2022-07-28,1119.9681396484375,1122.7457420390856,1106.5185336920931,1113.0971220243534,1929675,M&M
2022-07-29,1134.8795166015625,1154.1279784442754,1123.9639807650012,1129.3730897823864,2230572,M&M
2022-08-01,1206.3182373046875,1216.9901224157588,1154.176830965927,1159.1960742486965,12673841,M&M
2022-08-02,1222.6429443359375,1227.759624653007,1195.0615533243238,1206.2695197331425,5626351,M&M
2022-08-03,1221.8631591796875,1227.9544450074766,1199.739656641328,1227.9544450074766,3820503,M&M
2022-08-04,1229.757568359375,1232.8762591342315,1207.5852878097278,1232.7788223544724,3075648,M&M
2022-08-05,1204.5152587890625,1246.0334395509979,1199.9833183004819,1245.7410102406013,5766297,M&M
2022-08-08,1244.2791748046875,1247.4954215264843,1211.0939187627475,1213.3842185941194,5412651,M&M
2022-08-10,1235.848876953125,1247.202938838492,1228.2469044652676,1244.5715508844646,2530492,M&M
2022-08-11,1234.045654296875,1246.4718766148615,1222.1555126866558,1244.571443142631,3077633,M&M
2022-08-12,1227.467041015625,1236.6771358107185,1217.5748888226076,1232.8761499732393,3355489,M&M
2022-08-16,1255.5845947265625,1265.7203990225812,1242.2812028750072,1248.0800593118886,4085782,M&M
2022-08-17,1241.891357421875,1261.1398206818963,1237.7980609243702,1261.1398206818963,2197165,M&M
2022-08-18,1229.1240234375,1245.8871941769412,1222.837745182391,1241.6476831032874,2659857,M&M
2022-08-19,1207.9263916015625,1240.3320328227974,1204.1254053785199,1237.749303788523,2513148,M&M
2022-08-22,1195.548828125,1215.7232385691816,1188.0931893001969,1207.9263925549112,2443323,M&M
2022-08-23,1240.7706298828125,1244.571616326605,1187.069873677216,1188.9703074138945,4449168,M&M
2022-08-24,1236.0924072265625,1250.9063656831038,1228.977738314292,1242.5734396947885,2570071,M&M
2022-08-25,1227.6619873046875,1245.0098958775777,1224.7868293568417,1241.6475540924152,1769049,M&M
2022-08-26,1242.2811279296875,1266.0127519492798,1236.5797086145305,1247.3978076431083,4325600,M&M
2022-08-29,1244.3765869140625,1248.2750096563116,1210.606476115246,1217.2825012672633,2554692,M&M
2022-08-30,1275.4664306640625,1281.6064941557913,1251.39371748748,1251.39371748748,5078317,M&M
2022-09-01,1278.7313232421875,1292.0345944868627,1247.4951662186274,1247.4951662186274,4913035,M&M
2022-09-02,1282.5323486328125,1296.8591240877513,1277.9029714664691,1285.1638554569888,2316436,M&M
2022-09-05,1287.015625,1290.8164921135444,1268.0594724540938,1285.5049385530303,2271837,M&M
2022-09-06,1273.224853515625,1293.3017062465444,1267.5720931194478,1291.3524949334374,1930221,M&M
2022-09-07,1256.9488525390625,1278.6338281363571,1248.6647045580735,1258.2158874654976,3162428,M&M
2022-09-08,1288.331298828125,1298.1260147324228,1268.936621600969,1271.860438701432,4026323,M&M
2022-09-09,1268.2056884765625,1304.022448554575,1261.1885749065912,1304.022448554575,3415016,M&M
2022-09-12,1264.1123046875,1282.1911680951139,1262.1143155187826,1274.784188956423,3077887,M&M
2022-09-13,1266.8411865234375,1276.6846802307625,1258.2159499326235,1276.6846802307625,2460291,M&M
2022-09-14,1265.0869140625,1280.4856119805809,1247.4952344571832,1251.3448791940993,2955136,M&M
2022-09-15,1264.1123046875,1280.8754742629808,1256.3154594951059,1271.8603720092751,2555055,M&M
2022-09-16,1218.3546142578125,1264.0636473508614,1203.1507884769765,1258.459664334464,9047956,M&M
2022-09-19,1255.925537109375,1265.476600659414,1218.354443435536,1227.905625955986,4476773,M&M
2022-09-20,1269.862548828125,1278.682778693106,1263.6251670352358,1266.9875093757912,3780649,M&M
2022-09-21,1273.4686279296875,1289.4034081593397,1260.7499752950464,1275.7101497740111,2887754,M&M
2022-09-22,1277.1234130859375,1287.0156853547733,1260.165249049423,1264.0636720936595,2010645,M&M
2022-09-23,1239.990966796875,1284.627839609978,1228.9778740251309,1271.8605278372688,4639618,M&M
2022-09-26,1205.0025634765625,1226.9798515813975,1185.4130118519988,1218.2571777766873,3345338,M&M
2022-09-27,1204.3690185546875,1221.0835304476702,1190.188457739756,1211.0450439429612,3588217,M&M
2022-09-28,1210.8502197265625,1229.708817383936,1180.4912265157857,1201.7863385725727,3361451,M&M
2022-09-29,1226.3951416015625,1235.7513331591656,1214.066354870094,1223.1302360802154,3474302,M&M
2022-09-30,1235.994873046875,1250.1266553755363,1201.7375786471803,1225.0305591711897,3320684,M&M
2022-10-03,1219.57275390625,1243.6942436957438,1210.5089927615381,1237.7003951660895,3150821,M&M
2022-10-04,1228.34423828125,1245.497274361428,1223.1301217158282,1232.8761784625679,3011962,M&M
2022-10-06,1224.98193359375,1244.5714844571348,1222.6428561092214,1235.8000331179694,3531469,M&M
2022-10-07,1207.3902587890625,1229.9036268726634,1201.6400613119326,1228.0031933283008,3501889,M&M
2022-10-10,1211.434814453125,1214.894712074524,1187.0696733740194,1202.663363664647,2230590,M&M
2022-10-11,1198.326416015625,1217.5260995957894,1194.379215573056,1217.5260995957894,1569478,M&M
2022-10-12,1216.2105712890625,1227.3697598326453,1198.862540893445,1204.2716505367478,2884899,M&M
2022-10-13,1216.5028076171875,1241.7938973399157,1208.9983911891088,1223.1301740768492,2137351,M&M
2022-10-14,1199.0574951171875,1239.6985070770615,1196.8158543165343,1235.5564326626925,1696759,M&M
2022-10-17,1198.7650146484375,1207.2928145493918,1166.1157235990695,1195.8411975395388,2158727,M&M
2022-10-18,1221.960693359375,1235.166529418658,1202.17614975178,1204.7588786912577,2722206,M&M
2022-10-19,1216.69775390625,1232.6813108418266,1212.409465122985,1227.9543781205982,1449579,M&M
2022-10-20,1218.257080078125,1222.155502734375,1192.478807851839,1209.680502646208,1831346,M&M
2022-10-21,1224.835693359375,1236.6771762139854,1212.5556855351356,1221.278358818713,1750934,M&M
2022-10-24,1238.675048828125,1245.5460665014539,1228.9777698422013,1228.9777698422013,318933,M&M
2022-10-25,1248.8597412109375,1251.2474775369815,1227.6132898146789,1238.6750404803117,2809493,M&M
2022-10-27,1261.285888671875,1266.8410931254389,1246.5693675834827,1250.7114414742455,3279938,M&M
2022-10-28,1278.341552734375,1282.483626837982,1257.241316153681,1267.6208903485683,2111224,M&M
2022-10-31,1314.353271484375,1324.001892062723,1283.1658879392833,1284.7740111974124,4306893,M&M
2022-11-01,1319.664794921875,1331.8473652417829,1315.0840770993416,1326.4382564315786,3405472,M&M
2022-11-02,1318.008056640625,1326.4384201365335,1304.607227634837,1319.6649577908702,2298917,M&M
2022-11-03,1301.4884033203125,1320.5906501857428,1294.812378440025,1305.9715654973397,1931917,M&M
2022-11-04,1304.3148193359375,1317.666869463487,1297.200150337205,1304.0223900459657,2204968,M&M
2022-11-07,1316.9847412109375,1321.1754743743638,1302.6579659167064,1310.8446776604922,2599224,M&M
2022-11-09,1303.583984375,1330.1906502917443,1297.2002690465913,1330.1906502917443,2459869,M&M
2022-11-10,1265.233154296875,1304.9971170267124,1257.8261742900627,1304.9971170267124,2792546,M&M
2022-11-11,1254.4150390625,1285.2613348940426,1246.0822312687617,1271.9579425909114,5308986,M&M
2022-11-14,1245.6923828125,1276.4411233279307,1235.848888376264,1270.8859180534457,3794391,M&M
2022-11-15,1258.898193359375,1263.381474963184,1242.8659764406273,1251.929857458242,3192070,M&M
2022-11-16,1254.0250244140625,1262.114298782067,1243.5967916956893,1256.217887095344,2478281,M&M
2022-11-17,1227.3697509765625,1252.3684127369543,1222.3018485676669,1247.6902574591809,2319979,M&M
2022-11-18,1195.9873046875,1224.055875027724,1186.3386853013183,1218.3057970734085,4525364,M&M
2022-11-21,1187.3134765625,1203.540686389638,1171.4761328365482,1187.0698251205622,4120736,M&M
2022-11-22,1197.25439453125,1204.0766348298669,1185.071822569434,1189.6525410093343,2469455,M&M
2022-11-23,1204.3203125,1208.8522531625902,1192.9174724835507,1203.2482699380962,2396267,M&M
2022-11-24,1222.204345703125,1225.0793849770732,1207.195393883068,1210.3628624599778,2133523,M&M
2022-11-25,1228.7830810546875,1235.5077661217686,1214.358867147267,1226.054137135844,1370326,M&M
2022-11-28,1218.9393310546875,1239.6984805578595,1214.3587317414251,1226.9311693713564,2126619,M&M
2022-11-29,1225.1768798828125,1232.8762891983745,1216.8440719981566,1224.1048373384651,2435651,M&M
2022-11-30,1272.4451904296875,1282.5811136017803,1225.7128942509835,1230.0498420697502,7536690,M&M
2022-12-01,1260.6036376953125,1283.5068706027785,1255.2920844602586,1281.6064371624534,2613761,M&M
2022-12-02,1232.4864501953125,1260.9450104598197,1228.0032873846615,1253.7815627737298,2892150,M&M
2022-12-05,1227.808349609375,1237.2131997533265,1220.791116951875,1237.2131997533265,2764806,M&M
2022-12-06,1230.9757080078125,1233.3146663804346,1216.7951482791086,1216.7951482791086,1686075,M&M
2022-12-07,1234.4356689453125,1236.6773098488975,1220.596314325291,1229.9525061085756,1731982,M&M
2022-12-08,1241.9886474609375,1249.4444042444663,1237.261834000273,1240.6241757995053,1906386,M&M
2022-12-09,1233.26611328125,1252.0272735646606,1224.5920984989905,1248.957241724199,1308941,M&M
2022-12-12,1231.901611328125,1244.863914794984,1224.59206853939,1231.804174551693,1723401,M&M
2022-12-13,1250.76025390625,1253.29420503874,1234.8254738351386,1235.800079576129,2164600,M&M
2022-12-14,1253.7813720703125,1258.2158752995417,1244.035315716327,1254.3174527579474,1436837,M&M
2022-12-15,1254.268798828125,1260.6525139589558,1249.2008966114354,1253.2455341920918,2417555,M&M
2022-12-16,1219.8165283203125,1254.3175955346999,1218.2571829202602,1245.497365942186,2136354,M&M
2022-12-19,1257.8748779296875,1262.0169521791559,1213.4328815412412,1219.1343011258366,2767603,M&M
2022-12-20,1242.865966796875,1255.2921899505,1231.0244832916883,1255.2434120754522,1286604,M&M
2022-12-21,1233.558349609375,1251.8809838036211,1226.5412363696826,1247.3978215132388,1251993,M&M
2022-12-22,1202.61474609375,1245.2050897592455,1198.0829244253111,1233.558479388779,1557590,M&M
2022-12-23,1193.502197265625,1198.7650921961822,1177.3237653438928,1189.0190345360506,1913648,M&M
2022-12-26,1205.635986328125,1215.7231311739174,1185.4129187650888,1193.5020744080523,1677560,M&M
2022-12-27,1202.9071044921875,1216.7952359396363,1192.8686180332302,1211.6785559326813,1304940,M&M
2022-12-28,1220.54736328125,1223.1300920505796,1193.89192251949,1198.6187361329328,1959508,M&M
2022-12-29,1230.29345703125,1235.4101368540669,1207.0979132167317,1216.0154600173053,1289676,M&M
2022-12-30,1217.4774169921875,1233.2173231533657,1213.384120559194,1233.2173231533657,1372710,M&M
2023-01-02,1230.78076171875,1238.7238218211285,1211.044996658264,1219.2317081811423,1718385,M&M
2023-01-03,1217.574951171875,1232.8762131060498,1215.0408811701807,1230.9270017019296,1510751,M&M
2023-01-04,1204.8074951171875,1223.9098616387953,1199.7395931647732,1220.5474006575032,1344532,M&M
2023-01-05,1220.83984375,1223.1301433318758,1199.739606726326,1208.511057953407,2745160,M&M
2023-01-06,1232.77880859375,1242.5735247735442,1216.4541626570006,1220.8398884310527,2214972,M&M
2023-01-09,1277.0745849609375,1280.5344828647335,1239.3573910801722,1240.6243071374422,3634805,M&M
2023-01-10,1281.5089111328125,1292.7168753919923,1272.5912462107747,1277.2206227526099,3139930,M&M
2023-01-11,1279.2674560546875,1286.4795622431661,1267.4747505282103,1282.0938364627918,2041750,M&M
2023-01-12,1286.3822021484375,1293.3018794425516,1276.733581062353,1282.581215784776,2448619,M&M
2023-01-13,1294.422607421875,1303.0478442271997,1278.2928352099505,1291.3525756178308,2600139,M&M
2023-01-16,1282.191162109375,1301.342186817872,1269.862376912374,1299.1493241177484,1651972,M&M
2023-01-17,1287.3079833984375,1290.2318006536727,1270.983337056707,1285.456208676036,1607137,M&M
2023-01-18,1288.5748291015625,1291.3524312917682,1274.8815727136628,1286.8204914180583,1179938,M&M
2023-01-19,1286.0408935546875,1294.9584398020197,1278.9750028091626,1284.1403412132988,2066881,M&M
2023-01-20,1281.36279296875,1291.3525009953175,1278.341539213335,1290.4266732054125,1332666,M&M
2023-01-23,1294.71484375,1311.7704428304455,1278.9750574892373,1287.7951673457314,1681075,M&M
2023-01-24,1290.280517578125,1301.196053893862,1287.502915110948,1301.196053893862,1408040,M&M
2023-01-25,1278.1953125,1298.1747283644681,1272.8837592851737,1291.2550520298819,1359090,M&M
2023-01-27,1286.67431640625,1305.7766820978754,1253.9763686156368,1284.6276683594087,1914769,M&M
2023-01-30,1297.784912109375,1307.920835072426,1271.8604245674485,1286.5769466821523,2402331,M&M
2023-01-31,1343.7376708984375,1350.316259677088,1301.3910988669986,1316.0101850417777,5265862,M&M
2023-02-01,1317.715576171875,1354.70181186447,1288.4286297013161,1351.3394700634751,3010838,M&M
2023-02-02,1318.0567626953125,1343.201518186508,1296.7128742295802,1313.8172517258502,2029111,M&M
2023-02-03,1352.752685546875,1356.6023303995644,1316.2537503729893,1324.6839943392906,1803085,M&M
2023-02-06,1341.057373046875,1356.5536266603226,1325.463682662609,1356.5536266603226,1504382,M&M
2023-02-07,1331.99365234375,1349.828985443559,1326.4384470676418,1347.7823371297525,1413825,M&M
2023-02-08,1338.182373046875,1344.9558349171668,1325.4637213676426,1338.669675885613,1241238,M&M
2023-02-09,1337.3538818359375,1350.8034879622583,1328.387557065338,1337.159008285872,1866387,M&M
2023-02-10,1330.775390625,1351.7294145157198,1316.4975113827838,1343.5428212882475,3282665,M&M
2023-02-13,1318.6414794921875,1348.8542554450758,1291.4012984389608,1340.0828043619792,4401219,M&M
2023-02-14,1328.53369140625,1342.0319556189372,1315.7176035479777,1323.5144486060397,2373179,M&M
2023-02-15,1344.322265625,1348.0258146448493,1325.5124481568569,1329.5569663861793,2007214,M&M
2023-02-16,1333.4068603515625,1361.5242120168077,1328.5824905802706,1345.0533512985392,2646301,M&M
2023-02-17,1307.4334716796875,1337.6950245199255,1298.4671473413139,1325.4148982268102,2150027,M&M
2023-02-20,1312.0628662109375,1320.5418878417383,1298.7594751939912,1308.0182289388408,1497314,M&M
2023-02-21,1317.5206298828125,1327.802767123153,1306.9461823284516,1320.1033586606172,2118816,M&M
2023-02-22,1286.23583984375,1318.4952638987497,1277.8542548311234,1312.6964077194841,2196484,M&M
2023-02-23,1280.5830078125,1292.5707045360416,1271.8603350948422,1291.5960989152793,1847879,M&M
2023-02-24,1247.6900634765625,1287.0154953045574,1245.740852242279,1286.674288162228,2824384,M&M
2023-02-27,1225.46923828125,1252.7581980439672,1216.697786928948,1237.7980242538479,2019964,M&M
2023-02-28,1237.359375,1260.4088236377204,1228.0031840584013,1231.609177566277,3407211,M&M
2023-03-01,1239.8447265625,1272.396582351606,1236.8234725366885,1243.5481570239879,2338935,M&M
2023-03-02,1219.767822265625,1246.082176399532,1218.2571358290277,1246.082176399532,1563750,M&M
2023-03-03,1236.384765625,1244.5226994153784,1221.4245919434554,1225.9565322366718,1493291,M&M
2023-03-06,1238.1878662109375,1251.6374735696072,1235.800129636957,1237.3108161848595,1570410,M&M
2023-03-08,1257.192626953125,1259.141838433479,1226.3464504528654,1237.749290024765,2370800,M&M
2023-03-09,1216.4541015625,1261.9194802641643,1213.335292008667,1258.215931097244,3596577,M&M
2023-03-10,1195.548828125,1224.7870006785136,1194.2331341541776,1217.2825839779498,2664696,M&M
2023-03-13,1163.14306640625,1199.7395561834403,1152.4224042470153,1191.6502816933057,3842775,M&M
2023-03-14,1131.322265625,1162.1197798133119,1127.4725019949522,1162.0223430441595,5379592,M&M
2023-03-15,1130.8837890625,1144.5770478116456,1123.9153339658544,1137.3649412708546,2226887,M&M
2023-03-16,1137.41357421875,1145.4052929802433,1111.196658375172,1130.5425567811806,3604480,M&M
2023-03-17,1141.7506103515625,1156.126044839557,1122.7457986555698,1143.115082164847,3683701,M&M
2023-03-20,1137.9984130859375,1149.2063790662023,1115.9235693394173,1140.2399348997344,2082268,M&M
2023-03-21,1130.8350830078125,1145.161739738067,1127.0340968435328,1140.8734507058136,2209422,M&M
2023-03-22,1134.5384521484375,1150.5220091488245,1129.7142016042153,1137.8521352657795,2211909,M&M
2023-03-23,1135.366943359375,1145.1617789290253,1124.50018420801,1131.517298158807,2594282,M&M
2023-03-24,1121.5762939453125,1140.824756636965,1117.9701814512048,1131.0786995779004,1839876,M&M
2023-03-27,1109.00390625,1121.3813516815933,1096.9187711610261,1112.5124631544302,2446528,M&M
2023-03-28,1099.647705078125,1119.82199632718,1094.8721131534885,1114.559101532079,1903339,M&M
2023-03-29,1115.2413330078125,1123.184274164754,1103.2536354933472,1105.1540689910553,4003003,M&M
2023-03-31,1129.275634765625,1133.466487078161,1116.7519746741093,1118.457534736351,2343070,M&M
2023-04-03,1140.191162109375,1150.0346552799765,1125.9619435584684,1131.809577398875,2546562,M&M
2023-04-05,1126.108154296875,1143.504961926069,1122.6970342080804,1142.237926876346,2028469,M&M
2023-04-06,1141.507080078125,1145.1618519460378,1119.1399238346735,1124.6951294857256,2029418,M&M
2023-04-10,1158.416259765625,1160.7553371358008,1141.5068754158744,1141.5068754158744,2586918,M&M
2023-04-11,1171.18359375,1173.6201079410173,1158.026417118507,1169.5268116882762,2443384,M&M
2023-04-12,1176.690185546875,1182.147953753709,1168.1623855454393,1172.937977340328,2469405,M&M
2023-04-13,1173.9613037109375,1191.162998556243,1169.088275376195,1182.6351989704442,4470196,M&M
2023-04-17,1182.14794921875,1187.995583483016,1172.8405360637141,1187.995583483016,1956198,M&M
2023-04-18,1174.107421875,1186.9722883074007,1172.0607737292878,1182.1966966537918,2075066,M&M
2023-04-19,1184.6331787109375,1187.0209149877164,1172.8404740291655,1174.0587311031175,1818732,M&M
2023-04-20,1187.6544189453125,1193.7944821163267,1183.7073374528743,1187.069679350553,2172677,M&M
2023-04-21,1181.953125,1190.91945032463,1178.347131308023,1190.91945032463,1015815,M&M
2023-04-24,1177.080078125,1186.192617966161,1165.6284607224177,1179.662807120519,1389756,M&M
2023-04-25,1179.126708984375,1184.1459522468315,1168.9421267775003,1177.080060762231,1360260,M&M
2023-04-26,1182.7327880859375,1186.3387815672277,1174.6922911067388,1181.222101671374,1708865,M&M
2023-04-27,1192.9173583984375,1193.8919640834035,1179.3216566813294,1179.3216566813294,1340045,M&M
2023-04-28,1195.7437744140625,1197.5467711910487,1180.7348226229547,1193.8919997632022,2333102,M&M
2023-05-02,1205.879638671875,1209.290758504408,1186.5823988882357,1198.7649697187105,2607580,M&M
2023-05-03,1204.0765380859375,1210.4602528691885,1198.862421499305,1205.879653767755,1307304,M&M
2023-05-04,1200.4217529296875,1206.6105940939158,1196.815759548531,1203.6379992202249,1541188,M&M
2023-05-05,1180.4422607421875,1210.8012491205584,1177.372348263925,1201.4938369785687,4753718,M&M
2023-05-08,1200.519287109375,1208.3647912086528,1182.8788296702282,1186.0462980323357,3513667,M&M
2023-05-09,1213.8226318359375,1218.2571353969518,1202.712221937456,1207.5364726054586,1846359,M&M
2023-05-10,1216.94140625,1223.9098606567936,1203.6380149225613,1218.2571001240499,2108081,M&M
2023-05-11,1219.524169921875,1228.8315830503593,1212.5557153160858,1218.2571349133957,4100467,M&M
2023-05-12,1243.548095703125,1246.3258171253035,1219.5241603671934,1224.4946256446128,2427624,M&M
2023-05-15,1253.0018310546875,1255.0484792127265,1240.28317919261,1247.3978483286357,2647630,M&M
2023-05-16,1230.390869140625,1258.89808472486,1226.8823125551105,1254.3174857063293,1571371,M&M
2023-05-17,1231.0244140625,1239.405999139896,1228.6853366298633,1232.8761886537716,1643851,M&M
2023-05-18,1213.871337890625,1237.7003984609698,1209.7292638753418,1237.7003984609698,1900447,M&M
2023-05-19,1228.39306640625,1230.3909367388123,1206.0257938751943,1221.0835235471648,1588996,M&M
2023-05-22,1233.412353515625,1237.2132207612467,1219.5242215892165,1227.2722897073572,917769,M&M
2023-05-23,1236.3360595703125,1238.480144437595,1224.6407916314959,1233.4122425856083,1803955,M&M
2023-05-24,1243.304443359375,1245.5460840565659,1222.6428501165587,1228.00318146422,1369297,M&M
2023-05-25,1245.3511962890625,1248.2750133544114,1225.6154310979582,1247.4952812154831,2040166,M&M
2023-05-26,1249.2982177734375,1259.9702209302034,1236.1410416130743,1257.2412775458138,3508112,M&M
2023-05-29,1296.371826171875,1315.7177259782857,1265.038228385048,1287.9414628742995,6185862,M&M
2023-05-30,1294.71484375,1301.3909877092515,1286.4794734964662,1296.1767522426096,2493657,M&M
2023-05-31,1285.5048828125,1294.51998528863,1270.1548434612514,1291.3525168510707,5629378,M&M
2023-06-01,1285.4075927734375,1303.7301101369599,1279.4625212829885,1285.505029557786,2364455,M&M
2023-06-02,1307.336181640625,1310.844738559412,1286.772024034262,1291.2064088307743,2313841,M&M
2023-06-05,1359.96484375,1365.422611980964,1312.1603856567149,1315.5228467686873,5105293,M&M
2023-06-06,1375.363525390625,1378.9696378868398,1352.8014984620463,1359.9648266105596,2335838,M&M
2023-06-07,1370.6854248046875,1386.6689814319436,1359.574896480228,1386.6689814319436,2491079,M&M
2023-06-08,1345.9791259765625,1379.6030195389967,1342.519228471104,1376.8252983727273,1776230,M&M
2023-06-09,1335.84326171875,1351.7780403469249,1328.3875046812248,1345.6867550173156,1881329,M&M
2023-06-12,1346.3204345703125,1349.6341179826404,1334.5277285465384,1342.9093143750636,1389300,M&M
2023-06-13,1338.2799072265625,1353.240081670607,1333.4555373896642,1348.0259647106864,2516583,M&M
2023-06-14,1343.64013671875,1345.930436259358,1331.3113511443034,1339.1081965389992,905086,M&M
2023-06-15,1357.382080078125,1371.4650847657624,1336.6717090842926,1346.7101953188835,1720070,M&M
2023-06-16,1368.2001953125,1373.9991706401072,1358.0156132823597,1363.4733814368428,2132678,M&M
2023-06-19,1366.9332275390625,1379.4081087099264,1360.5495128241057,1373.7066893449692,1476764,M&M
2023-06-20,1360.988037109375,1374.096554722556,1345.6379978426728,1366.9818857599805,1042428,M&M
2023-06-21,1339.351806640625,1367.7615849652334,1335.8432501153293,1358.6490459853744,2008628,M&M
2023-06-22,1343.6888427734375,1356.651146285165,1339.741761036112,1343.9812720741684,1296616,M&M
2023-06-23,1338.3773193359375,1344.5660419301887,1333.7479421163155,1341.9346540461531,1258590,M&M
2023-06-26,1362.1575927734375,1369.2234836438988,1335.1609452378398,1340.082751294396,2281046,M&M
2023-06-27,1366.787109375,1381.0163293412409,1358.2105313011532,1370.9778426618811,2737379,M&M
2023-06-28,1359.5748291015625,1377.8486843314222,1354.8480156761877,1373.1705298044135,2611913,M&M
2023-06-30,1416.6868896484375,1423.8989959683038,1364.4480454179502,1367.0307744408626,4114865,M&M
2023-07-03,1430.67236328125,1460.0080894853252,1422.2421193084185,1432.6703525174867,3615176,M&M
2023-07-04,1427.2613525390625,1449.2387599366295,1424.97105280534,1449.2387599366295,1595700,M&M
2023-07-05,1437.884521484375,1440.4672504297716,1420.097967140435,1426.7739925110618,1456527,M&M
2023-07-06,1509.4693603515625,1513.4652199396642,1435.2531122761425,1440.3210143434292,5628945,M&M
2023-07-07,1524.4295654296875,1551.523533146924,1500.2106370071406,1507.6176167078806,6905845,M&M
2023-07-10,1512.0032958984375,1538.9023892308712,1506.6916234893904,1527.2071209149938,2276342,M&M
2023-07-11,1529.5948486328125,1535.9785634739976,1511.0286816685043,1518.6793125211655,1563376,M&M
2023-07-12,1530.9593505859375,1539.5359283931245,1502.5009115382747,1529.1563538226148,2658457,M&M
2023-07-13,1527.109619140625,1554.3011406117575,1518.87413000314,1535.9785067752568,1859405,M&M
2023-07-14,1523.072021484375,1543.113066050839,1519.2803717898435,1538.976753716034,2174792,M&M
2023-07-17,1512.9775390625,1535.3328831810268,1506.2807215044133,1535.3328831810268,1520990,M&M
2023-07-18,1511.4017333984375,1518.7387073806087,1502.8338558327848,1512.68204623798,1059058,M&M
2023-07-19,1521.0037841796875,1525.9771686341608,1500.864282025467,1506.9701122512997,1081196,M&M
2023-07-20,1521.89013671875,1530.162641009638,1507.314886508302,1526.5188585113192,1538263,M&M
2023-07-21,1500.371826171875,1529.030036550234,1495.792393535268,1525.4354229659223,1668783,M&M
2023-07-24,1523.3673095703125,1533.3632468801777,1491.9515581180942,1498.8945804442071,2129706,M&M
2023-07-25,1541.9803466796875,1545.6734179235316,1524.5490984956086,1527.897386916297,1996604,M&M
2023-07-26,1521.397705078125,1550.1052048013298,1508.7428041649537,1546.313675453096,2100855,M&M
2023-07-27,1425.4271240234375,1477.2285822647543,1416.514463490239,1476.243763209911,11879512,M&M
2023-07-28,1445.5174560546875,1448.668828941724,1427.9876288004757,1437.8358193439274,4714146,M&M
2023-07-31,1452.8050537109375,1456.54741428888,1435.472262006242,1454.3808604072328,2460789,M&M
2023-08-01,1470.679443359375,1481.1677898508876,1447.8808592527453,1452.8049542987922,4184243,M&M
2023-08-02,1462.7518310546875,1474.2741662309459,1443.0061603673303,1470.6795525370485,3188395,M&M
2023-08-03,1446.846923828125,1478.755084925654,1425.6240253241049,1462.4562816460311,2222395,M&M
2023-08-04,1442.4151611328125,1479.6412469118986,1394.2574883653363,1458.516927613677,8066091,M&M
2023-08-07,1503.7203369140625,1507.7580712587137,1458.2709105266756,1466.3956682588012,9257291,M&M
2023-08-08,1476.93310546875,1510.7124475257176,1462.4563132827188,1506.773171260983,3426948,M&M
2023-08-09,1511.4510498046875,1514.2085912549394,1469.5962398247564,1482.1526828187357,3713003,M&M
2023-08-10,1521.9393310546875,1532.4276776163488,1508.545816483294,1511.2047797390774,3600607,M&M
2023-08-11,1522.9732666015625,1535.9236602580781,1509.776788416712,1525.0414826374567,2402812,M&M
2023-08-14,1523.3673095703125,1527.2081278737544,1500.8642185262624,1521.4961293489262,1875450,M&M
2023-08-16,1546.7567138671875,1549.1203035358499,1515.2425055307938,1535.382126426069,2361632,M&M
2023-08-17,1549.61279296875,1555.0785868458797,1536.4654825437171,1549.1203834380958,2377711,M&M
2023-08-18,1529.079345703125,1558.5254597975204,1521.151504140998,1544.9349086102084,2202570,M&M
2023-08-21,1515.193359375,1529.079283587498,1508.496541916479,1522.5302130261964,1487526,M&M
2023-08-22,1526.9619140625,1531.3935997208562,1511.4510142582535,1514.651676122622,975607,M&M
2023-08-23,1519.0341796875,1531.2459606270434,1512.7806024172023,1522.57962463753,1405076,M&M
2023-08-24,1518.7879638671875,1531.3444073585727,1504.8528698132334,1526.5188899552313,2111147,M&M
2023-08-25,1496.974365234375,1523.7613974582907,1485.3041623811162,1507.659628741382,1455320,M&M
2023-08-28,1525.73095703125,1529.4240285748144,1500.9627331689767,1504.8035516177183,2132512,M&M
2023-08-29,1537.15478515625,1540.6016518200543,1516.6213320738782,1531.2951599146502,1325882,M&M
2023-08-30,1559.1654052734375,1564.8774036063173,1536.120736661525,1545.1810234476475,3140040,M&M
2023-08-31,1551.4840087890625,1565.8623433702858,1543.359251347047,1564.8282352453416,3512885,M&M
2023-09-01,1567.7825927734375,1580.1421195768444,1551.0899584503147,1553.0595964927913,2147299,M&M
2023-09-04,1552.46875,1581.5209115172029,1540.453885649026,1581.5209115172029,2200142,M&M
2023-09-05,1547.2984619140625,1560.0518204213618,1541.4880055227075,1553.650496648228,1078759,M&M
2023-09-06,1553.0595703125,1556.9003884740168,1535.037334440778,1553.0595703125,1301466,M&M
2023-09-07,1541.9803466796875,1553.9459215531747,1536.563842188716,1548.332381132234,1514369,M&M
2023-09-08,1543.753173828125,1554.0444849731766,1536.3177417985776,1541.3402949879464,1223910,M&M
2023-09-11,1558.082275390625,1564.8775512298348,1540.2570737089122,1543.8516874704019,1921950,M&M
2023-09-12,1534.298828125,1565.3206289534437,1490.0805478797813,1558.180690667532,3770868,M&M
2023-09-13,1513.6175537109375,1544.7870999228867,1506.8715674272196,1540.2569564473572,2382637,M&M
2023-09-14,1542.2265625,1551.4838851944544,1514.9962929564874,1521.5453633860152,2220196,M&M
2023-09-15,1576.793701171875,1586.2479396742337,1547.9877449776664,1555.669381382988,5425897,M&M
2023-09-18,1616.53125,1644.6478831551813,1577.7786427846586,1584.327713787963,6887528,M&M
2023-09-20,1609.1943359375,1639.7237266437805,1595.5053270289918,1595.5053270289918,6116670,M&M
2023-09-21,1559.2147216796875,1631.0572214826257,1551.1884225807107,1612.936647592309,2898266,M&M
2023-09-22,1582.751953125,1593.3879266868128,1542.3250832176439,1556.0140919944465,3827771,M&M
2023-09-25,1565.320556640625,1595.4068260458248,1558.3283655822524,1588.4638038085736,3231962,M&M
2023-09-26,1570.9833984375,1582.2103603510318,1557.9838342537325,1565.3206885468812,1479841,M&M
2023-09-27,1565.074462890625,1575.3166055561126,1559.214837342763,1570.6387148393096,1991198,M&M
2023-09-28,1532.427734375,1572.6575686168849,1520.5606167082524,1571.7219183869247,2369699,M&M
2023-09-29,1530.655029296875,1552.5672534576313,1526.568006140311,1550.1052057991194,1254881,M&M
2023-10-03,1514.060791015625,1573.7407998058818,1509.776852306145,1572.9528965000889,3436776,M&M
2023-10-04,1498.9930419921875,1514.553230965569,1478.9519985014088,1508.545858843956,2580901,M&M
2023-10-05,1514.6024169921875,1527.2574380180095,1490.0805187054607,1509.7276107586022,1991367,M&M
2023-10-06,1525.3370361328125,1530.408878531742,1516.9660737985012,1521.5455066483535,1743027,M&M
2023-10-09,1492.19775390625,1517.852337857637,1491.0160191509892,1516.621314063754,2123175,M&M
2023-10-10,1514.5040283203125,1520.4129429180837,1496.1371280688052,1498.3529710429693,1956653,M&M
2023-10-11,1532.6739501953125,1535.480660471103,1516.621351440599,1516.621351440599,1536986,M&M
2023-10-12,1542.8668212890625,1546.2152301731664,1531.9845224700173,1535.3329313541212,1731806,M&M
2023-10-13,1538.73046875,1550.4991284678724,1526.7650135271667,1536.8101196991468,1465554,M&M
2023-10-16,1550.6468505859375,1553.3058138780348,1534.8404570796747,1539.124395813461,1089610,M&M
2023-10-17,1552.6656494140625,1559.8548763771432,1544.7870972209507,1551.0899630188733,997962,M&M
2023-10-18,1550.9422607421875,1555.4724043401252,1538.0411551982374,1552.6656940840137,1212994,M&M
2023-10-19,1545.7227783203125,1554.9308123366302,1529.768637680068,1529.768637680068,1239578,M&M
2023-10-20,1534.5943603515625,1551.0900802526623,1521.643965161891,1542.2267083655042,1435102,M&M
2023-10-23,1541.3895263671875,1550.9915118942338,1523.0226274438141,1524.7460607435405,4069167,M&M
2023-10-25,1545.279541015625,1552.6656838605315,1523.515064142734,1550.1051783843977,2510769,M&M
2023-10-26,1483.2359619140625,1534.5450108859563,1477.228589692746,1530.408818921685,3343802,M&M
2023-10-27,1487.8646240234375,1510.6630881706817,1484.4177574522314,1485.451745293294,3341111,M&M
2023-10-30,1475.06201171875,1492.4439716660613,1440.987176633503,1479.2966614762959,2637486,M&M
2023-10-31,1436.45703125,1474.5696003224757,1433.453405300879,1471.5165651171974,2555737,M&M
2023-11-01,1432.517822265625,1462.456346603158,1427.9876785014,1442.6615069652976,2627536,M&M
2023-11-02,1447.3885498046875,1455.0701866944103,1430.4497097621868,1442.7599482282985,2091122,M&M
2023-11-03,1446.6990966796875,1465.5091153500618,1438.278846226171,1457.5321055724557,2456723,M&M
2023-11-06,1465.7061767578125,1469.54687471283,1451.1800963990834,1459.304853209898,1271868,M&M
2023-11-07,1457.2860107421875,1474.2741396053757,1452.6081201856575,1465.6569727907151,1940908,M&M
2023-11-08,1464.8199462890625,1466.7895844795232,1451.623346369541,1462.505645458706,1342202,M&M
2023-11-09,1528.4884033203125,1535.0373536091959,1464.8198298320535,1464.8198298320535,4831782,M&M
2023-11-10,1500.962646484375,1527.4543022036812,1492.2963112262848,1526.4694831822733,4872228,M&M
2023-11-13,1516.8675537109375,1519.8712999239658,1490.0805234268025,1503.080086902333,1968032,M&M
2023-11-15,1520.708251953125,1527.2573222133103,1510.2691948089505,1525.484599962513,2782942,M&M
2023-11-16,1545.6734619140625,1559.904048758485,1515.144072096072,1520.7574924596104,3224223,M&M
2023-11-17,1560.4951171875,1571.7712475369076,1548.775746122957,1551.090046911422,2035309,M&M
2023-11-20,1528.6361083984375,1565.665401508038,1517.2122312595309,1565.665401508038,2918577,M&M
2023-11-21,1536.071533203125,1547.5446993281853,1525.6324751808734,1529.4240045292213,2213144,M&M
2023-11-22,1520.0189208984375,1540.8971569747619,1511.697247978518,1536.3177243299597,1269475,M&M
2023-11-23,1522.3824462890625,1537.253189333006,1511.7956419056654,1532.9692506724596,1552635,M&M
2023-11-24,1529.6209716796875,1535.825380070787,1524.0075509198737,1525.4847795637377,1239270,M&M
2023-11-28,1542.27587890625,1548.1355040056646,1518.7386802154026,1529.6208582881961,2596766,M&M
2023-11-29,1594.5205078125,1598.7552778356169,1543.4576638572123,1552.0748305879513,3581220,M&M
2023-11-30,1622.735595703125,1634.799629110719,1589.2024588384138,1590.5320607346189,5214960,M&M
2023-12-01,1600.8233642578125,1640.7085357450112,1596.5885942599582,1630.8603452543448,2489755,M&M
2023-12-04,1631.697509765625,1649.5720005614123,1614.5616332984475,1637.6064243945018,3001010,M&M
2023-12-05,1660.4542236328125,1682.070953905562,1615.694125240796,1635.6860002388369,3423953,M&M
2023-12-06,1676.555908203125,1684.483629110588,1658.5829612541622,1662.4729482603595,2279220,M&M
2023-12-07,1666.9539794921875,1680.1012896910606,1656.1209700041443,1677.146832557958,2461051,M&M
2023-12-08,1643.2198486328125,1682.2186583681807,1637.310934423903,1673.2075401561603,1942667,M&M
2023-12-11,1627.117919921875,1649.0301428901564,1622.0953670152749,1648.5870224226076,2037178,M&M
2023-12-12,1610.5731201171875,1644.6478356629375,1601.8082064106393,1637.754102220039,2051527,M&M
2023-12-13,1640.8563232421875,1645.1402621681823,1604.8119691980103,1614.1184613550738,2247441,M&M
2023-12-14,1677.6885986328125,1683.8928867317002,1645.6819784028555,1650.5567847817797,3326228,M&M
2023-12-15,1698.7635498046875,1713.1911727403274,1672.222724844117,1701.6688380941696,3858594,M&M
2023-12-18,1684.8284912109375,1705.5588602355112,1672.9613734843424,1693.888778450666,1739425,M&M
2023-12-19,1673.55224609375,1697.680313071336,1665.6245247885595,1693.888783732578,1660221,M&M
2023-12-20,1621.9476318359375,1685.9608679359903,1615.6940551219038,1684.0405189398548,3047660,M&M
2023-12-21,1609.0465087890625,1628.0535636903035,1595.800741246221,1610.1790746893105,3211338,M&M
2023-12-22,1609.4405517578125,1626.9210901048837,1598.115132547034,1605.2550707451335,2751274,M&M
2023-12-26,1637.0155029296875,1643.6630316677085,1609.6867736733789,1615.9896397795296,1203594,M&M
2023-12-27,1662.3253173828125,1666.116967013145,1635.0458769637958,1644.6478629902358,1793638,M&M
2023-12-28,1708.119384765625,1713.5358896407663,1662.7685388049726,1663.3101171621838,2963938,M&M
2023-12-29,1703.14599609375,1731.311795342002,1688.964578504854,1703.7368634480451,2273255,M&M
2024-01-01,1677.4423828125,1703.7370040951928,1673.207612692331,1703.1461366921203,1307485,M&M
2024-01-02,1631.0572509765625,1679.1164683632098,1624.4097224361217,1677.7376976595365,2857334,M&M
2024-01-03,1630.1217041015625,1652.7232528182788,1623.031055152011,1646.6174229015633,1927812,M&M
2024-01-04,1616.7774658203125,1649.0302912941872,1613.3305989757762,1641.5949792312783,2835768,M&M
2024-01-05,1617.0728759765625,1636.2768474025936,1611.6563712153743,1622.9325012222532,1709313,M&M
2024-01-08,1591.6153564453125,1628.2998666281358,1581.7178767520716,1623.1295665352548,1492195,M&M
2024-01-09,1605.156494140625,1611.9517692078443,1590.4826671617682,1600.3308570513148,2542484,M&M
2024-01-10,1608.0126953125,1622.440199139895,1596.7364443417152,1620.027440400637,1954233,M&M
2024-01-11,1603.9256591796875,1626.1825469061716,1601.1681175991987,1618.9441505288587,2228002,M&M
2024-01-12,1599.789306640625,1609.0466300373412,1577.187756838365,1605.255100622251,3061539,M&M
2024-01-15,1610.7208251953125,1615.989583003568,1591.5660227817682,1610.1791266377109,1405514,M&M
2024-01-16,1595.75146484375,1615.1031825068535,1592.9940437356227,1613.133544479406,2236688,M&M
2024-01-17,1573.4454345703125,1590.4828531585092,1566.8471946595594,1587.5283958461405,2548169,M&M
2024-01-18,1592.6986083984375,1598.6568117370045,1556.654255216716,1575.710479788221,2328588,M&M
2024-01-19,1630.417236328125,1633.8148139846246,1597.6227136748387,1600.281677039302,2836976,M&M
2024-01-23,1570.9833984375,1622.5879439189223,1564.1389537000575,1594.4221413759753,2772880,M&M
2024-01-24,1603.3839111328125,1607.5202233759715,1551.090042320858,1570.7864238106467,2543323,M&M
2024-01-25,1610.671630859375,1617.8115693024997,1579.5513714817423,1606.8308123430868,2038472,M&M
2024-01-29,1615.103271484375,1620.0273668242664,1600.330985464701,1610.6715856784729,3075670,M&M
2024-01-30,1595.75146484375,1634.3071532744655,1589.9410086193473,1624.9020836065383,2569098,M&M
2024-01-31,1626.4779052734375,1633.1254336776694,1584.6230968023472,1590.5320109394422,3154787,M&M
2024-02-01,1626.083984375,1676.752875972025,1620.5690217861732,1634.0609945675144,4065784,M&M
2024-02-02,1635.5382080078125,1661.4389966459999,1624.9514034098393,1629.8754985716873,3304158,M&M
2024-02-05,1677.6885986328125,1686.8473439836962,1639.8222327227595,1651.2461100537093,3525423,M&M
2024-02-06,1701.4227294921875,1703.7370303165237,1680.1013720924793,1684.9761785143187,2219874,M&M
2024-02-07,1694.8736572265625,1725.4030490766634,1689.6540679524176,1705.1649686504525,1213661,M&M
2024-02-08,1660.3065185546875,1717.4260254540604,1650.1136650738376,1702.7521970519936,2550690,M&M
2024-02-09,1621.4061279296875,1664.0980102294684,1603.2854331431126,1660.4049387464913,2033950,M&M
2024-02-12,1635.24267578125,1649.6211294896705,1615.6448736713983,1628.8906412586125,1197925,M&M
2024-02-13,1621.750732421875,1653.905097691101,1598.804401010017,1644.6477747955253,2075130,M&M
2024-02-14,1631.89453125,1654.1514187780244,1599.2477541714377,1606.239945710187,4368695,M&M
2024-02-15,1738.2550048828125,1757.8036400231963,1642.7767207690697,1655.530200276224,9887134,M&M
2024-02-16,1807.6846923828125,1836.342903282045,1749.8757408320787,1760.8564975081842,7188957,M&M
2024-02-19,1820.4873046875,1828.2672790161287,1792.3706726965193,1808.1770665508482,2682236,M&M
2024-02-20,1825.5098876953125,1831.763464727696,1792.8631115789087,1809.5065778556216,1830562,M&M
2024-02-21,1831.4188232421875,1861.0125644186473,1818.6653440462405,1821.8168372275138,4466234,M&M
2024-02-22,1881.34912109375,1887.898192073695,1824.8697704290855,1842.5472249753525,3360123,M&M
2024-02-23,1900.6513671875,1918.2796512031655,1872.2393632868586,1897.1060428566286,3323441,M&M
2024-02-26,1900.5037841796875,1921.3818992212118,1895.973520534701,1905.6247949733702,2436063,M&M
2024-02-27,1920.988037109375,1927.2416141057852,1885.977791607163,1896.761512242546,2821465,M&M
2024-02-28,1872.78125,1923.4994332286503,1868.25110622107,1922.3175781881637,2010429,M&M
2024-02-29,1903.064453125,1921.2836064773126,1863.8194360284535,1873.9630006294358,5539065,M&M
2024-03-01,1942.9986572265625,1952.206811331151,1901.193137488317,1904.2460524380012,3384932,M&M
2024-03-04,1891.8865966796875,1944.9682448484532,1889.9169586706894,1937.1389818495516,1645331,M&M
2024-03-05,1909.8104248046875,1938.1239737092303,1893.85640359578,1895.7767527389576,2208384,M&M
2024-03-06,1940.733642578125,1949.8432185918493,1892.8221727976443,1915.4730104533912,1673183,M&M
2024-03-07,1868.7435302734375,1902.8182470714323,1855.694677205549,1900.8486088725058,18323831,M&M
2024-03-11,1865.5919189453125,1884.6481432703602,1844.8615503440096,1883.9588180312358,3250782,M&M
2024-03-12,1866.3798828125,1869.531255746691,1848.1607300344995,1863.2776787014602,3186510,M&M
2024-03-13,1825.55908203125,1872.5350243167215,1816.2525898043596,1867.216977236853,4270994,M&M
2024-03-14,1861.8497314453125,1866.8229955933207,1816.5972232777083,1825.5590527258835,2388133,M&M
2024-03-15,1772.181884765625,1853.5279144491378,1761.6443689919804,1846.535723220643,5504948,M&M
2024-03-18,1827.8734130859375,1839.0510850597125,1773.708366306514,1780.5035214560173,3404076,M&M
2024-03-19,1815.9078369140625,1836.6874944431495,1799.0674555124674,1827.8734121947527,2189225,M&M
2024-03-20,1816.4002685546875,1830.8278915907963,1792.912358401855,1823.8355802055944,1550415,M&M
2024-03-21,1837.5245361328125,1846.5356541685883,1816.9910837018908,1831.7140798975956,2072960,M&M
2024-03-22,1850.278076171875,1876.523407637306,1819.2069871088088,1837.5245973651308,3786990,M&M
2024-03-26,1835.6534423828125,1888.3905512356087,1832.8467320997686,1849.6871140152023,4092744,M&M
2024-03-27,1852.59228515625,1871.0576413989024,1827.1347380598127,1841.5130714106588,4196597,M&M
2024-03-28,1892.18212890625,1933.1505788850948,1841.9563554654746,1852.5924496927435,3790854,M&M
2024-04-01,1886.864013671875,1934.036870283092,1863.0807297514152,1908.5793218447473,2765845,M&M
2024-04-02,1942.013916015625,1947.479709938224,1872.5841716158045,1886.864048123569,3431715,M&M
2024-04-03,1959.1005859375,1972.8880526493629,1926.5029791807171,1937.1390730167363,3615370,M&M
2024-04-04,1972.2969970703125,1984.4103190651194,1933.3966459025346,1968.653214794627,3007920,M&M
2024-04-05,1982.7362060546875,1996.6712991896732,1962.0057173354148,1965.0586322924783,2767027,M&M
2024-04-08,2046.552490234375,2055.317283289814,1986.2814944158458,1987.3647712883778,2781568,M&M
2024-04-09,2059.157958984375,2066.7903062642426,2038.6739160516756,2063.1958130739067,2853137,M&M
2024-04-10,2044.6812744140625,2076.589556064624,2038.5754443584076,2066.593498393277,2280814,M&M
2024-04-12,2039.5108642578125,2055.8096668289986,2020.5038094309232,2052.3628003217405,4008660,M&M
2024-04-15,2022.276611328125,2052.2643030348668,2004.1067481114756,2024.049333688506,2024919,M&M
2024-04-16,2000.462890625,2042.2684092519355,1996.9667350744362,2015.9737899357742,1981730,M&M
2024-04-18,1994.2093505859375,2055.317422667299,1985.8876774358453,2000.4630479259133,3539862,M&M
2024-04-19,2051.279296875,2055.317150747847,1967.8651798117228,2003.1217463445716,3253248,M&M
2024-04-22,2058.911865234375,2100.619048469854,2033.6513525973976,2092.2973755255125,2449171,M&M
2024-04-23,2031.2879638671875,2081.907569234921,2025.6252540643961,2064.180825504444,2886136,M&M
2024-04-24,2027.2008056640625,2059.1090884082537,2021.7843006745654,2023.803227893884,1929834,M&M
2024-04-25,2065.017822265625,2081.8580829534853,2010.9019459296137,2028.7271458374714,3084498,M&M
2024-04-26,2013.8565673828125,2071.074532076244,2007.8491950184177,2067.6769543258984,2952484,M&M
2024-04-29,2030.74609375,2036.9505016184803,1970.6228449222529,2014.4472909987348,2724604,M&M
2024-04-30,2123.61474609375,2136.072611439007,2041.5792676090612,2041.5792676090612,5745143,M&M
2024-05-02,2151.977294921875,2170.541230567572,2132.2318649132335,2132.2318649132335,3347541,M&M
2024-05-03,2159.7080078125,2176.4499303536822,2139.3715921935564,2176.4499303536822,3859227,M&M
2024-05-06,2191.173095703125,2205.9946704822955,2156.753718016173,2167.045028994725,2111447,M&M
2024-05-07,2158.23095703125,2202.9416459130557,2131.985625413572,2202.055404938113,1727823,M&M
2024-05-08,2149.26904296875,2161.6778594289585,2127.209191966538,2158.427908409919,1993202,M&M
2024-05-09,2178.96142578125,2222.4903794769825,2151.829613008622,2152.3713115701594,3998822,M&M
2024-05-10,2159.757568359375,2197.771441235866,2149.8600883495033,2178.2722154663875,3045912,M&M
2024-05-13,2151.091064453125,2174.529806523734,2127.209201885659,2174.4805174831176,2575573,M&M
2024-05-14,2235.440673828125,2245.7322252867993,2141.9814418053866,2141.9814418053866,3830189,M&M
2024-05-15,2267.348876953125,2281.973295133852,2221.7517082579507,2246.6676775411493,2569084,M&M
2024-05-16,2335.744384765625,2357.5580287089247,2251.493074059725,2284.238304709438,7444517,M&M
2024-05-17,2476.426025390625,2519.1177860180997,2388.530927091648,2388.530927091648,9796445,M&M
2024-05-21,2484.353759765625,2498.4367207179066,2429.548674054034,2465.00216098794,3747292,M&M
2024-05-22,2482.778076171875,2496.5162536226953,2452.1993970495114,2483.418112370865,2974921,M&M
2024-05-23,2569.58984375,2577.665311956656,2462.293855229622,2481.7440316682923,4715263,M&M
2024-05-24,2540.587158203125,2565.453841309871,2533.348641402269,2550.4846385760484,2919241,M&M
2024-05-27,2510.40234375,2550.4351420739204,2502.425213248318,2541.965602045822,3328559,M&M
2024-05-28,2514.046142578125,2542.753521981959,2509.318963006786,2511.2886011253154,1549203,M&M
2024-05-29,2495.186767578125,2508.3341984788726,2462.6386893092977,2472.1420972640717,2720451,M&M
2024-05-30,2455.646484375,2493.020322023854,2440.381787961199,2479.77455290004,3367101,M&M
2024-05-31,2468.202880859375,2530.19719540596,2457.271292624771,2479.5283005620713,8769724,M&M
2024-06-03,2594.01318359375,2614.0543459353344,2531.37860052687,2535.9581530272917,2701157,M&M
2024-06-04,2533.841064453125,2598.937705660658,2411.034166008779,2594.2598147542963,6372249,M&M
2024-06-05,2699.339599609375,2711.896041904246,2532.7575613378153,2533.84071798109,4242881,M&M
2024-06-06,2658.86376953125,2719.971598344896,2630.3530661021664,2703.3282528164086,4992660,M&M
2024-06-07,2814.0712890625,2824.067347187593,2627.842141522748,2627.842141522748,6447821,M&M
2024-06-10,2764.9287109375,2842.187715619287,2757.493279187111,2817.567239912259,2021106,M&M
2024-06-11,2792.50390625,2811.6585900639147,2770.690018462271,2778.174739954572,2298974,M&M
2024-06-12,2745.232421875,2805.3556736424357,2739.8159170389126,2792.5037368081244,2580846,M&M
2024-06-13,2818.256591796875,2835.3925873116177,2746.315513013741,2806.734257143888,2492637,M&M
2024-06-14,2884.14111328125,2901.2768682642704,2821.5065266724832,2831.354716992457,3515019,M&M
2024-06-18,2916.935546875,2967.7523077508945,2911.765246687281,2919.9885822072015,4887512,M&M
2024-06-19,2889.3115234375,2931.806370115794,2882.0237180620616,2929.83673197665,3512298,M&M
2024-06-20,2827.6123046875,2909.893981387593,2813.9234165677085,2900.3412850394106,4024418,M&M
2024-06-21,2796.8369140625,2876.5579709549406,2782.1632058608006,2840.9568571842437,8400461,M&M
2024-06-24,2871.535400390625,2879.5615793802335,2770.345244190196,2793.439202554911,2699784,M&M
2024-06-25,2865.232421875,2902.2617139924455,2847.1611367322216,2876.8533346463296,1910886,M&M
2024-06-26,2808.211669921875,2868.728755665164,2801.416514290439,2862.9184191359277,3282318,M&M
2024-06-27,2845.093017578125,2860.8994118128753,2750.6489644944254,2798.8558101109097,6900180,M&M
2024-06-28,2823.131591796875,2852.0361287087376,2811.6585453948364,2811.6585453948364,2548169,M&M
2024-07-01,2832.192138671875,2850.1157984186766,2795.162843896701,2797.871096453987,1718501,M&M
2024-07-02,2821.654052734375,2847.1117199774294,2806.734141105387,2846.323816693061,1507890,M&M
2024-07-03,2834.259765625,2851.0509774999036,2821.6049858576584,2827.415321727884,1019710,M&M
2024-07-04,2858.732666015625,2877.641142892323,2841.252128614414,2846.126934619717,1502213,M&M
2024-07-05,2857.6416015625,2862.998466472152,2817.365088281674,2862.998466472152,1966103,M&M
2024-07-08,2828.624755859375,2895.338771436734,2824.8053435915176,2857.6416325231335,1631998,M&M
2024-07-09,2902.18359375,2916.5680279012136,2814.6369514158905,2832.5927902342946,2902129,M&M
2024-07-10,2710.225830078125,2906.647760662118,2676.3975118218455,2906.647760662118,14481615,M&M
2024-07-11,2676.54638671875,2735.9688823290912,2669.552527310803,2735.9688823290912,4314565,M&M
2024-07-12,2682.3994140625,2700.603261060401,2665.7332619714625,2668.2133369196877,3398732,M&M
2024-07-15,2709.283447265625,2717.1700369404543,2686.5164083194895,2701.1488501029403,2017720,M&M
2024-07-16,2734.778564453125,2744.7981638252827,2718.162062791897,2732.992862104299,1925983,M&M
2024-07-18,2796.978759765625,2803.4269543614964,2714.689924861889,2734.034508649503,4122844,M&M
2024-07-19,2727.387939453125,2797.4747572444453,2721.1381024449315,2797.4747572444453,2042568,M&M
2024-07-22,2782.39599609375,2796.532422849909,2703.2816077566517,2729.1240363358197,2208103,M&M
2024-07-23,2798.86376953125,2831.749465181179,2721.5348419127736,2801.4925519956732,2572524,M&M
2024-07-24,2783.14013671875,2807.8415865898132,2741.6235847626963,2800.500661542339,2276082,M&M
2024-07-25,2788.992919921875,2804.468684105085,2759.628978556941,2777.4855177553463,1857122,M&M
2024-07-26,2864.7841796875,2874.3075220290307,2767.763600728381,2799.1118444819404,2352661,M&M
2024-07-29,2909.623779296875,2921.5281384348095,2852.5820584276044,2876.8867916675545,2388937,M&M
2024-07-30,2898.810791015625,2926.488329525416,2881.450267026915,2921.5281798143556,2290006,M&M
2024-07-31,2884.624755859375,2955.8525551728085,2850.0524149985067,2913.5919821493057,4238740,M&M
2024-08-01,2805.857421875,2903.175657131394,2797.6237670218666,2903.175657131394,4971708,M&M
2024-08-02,2727.735107421875,2787.9018703594743,2712.0612276673046,2787.9018703594743,3041513,M&M
2024-08-05,2657.5986328125,2707.448138675949,2614.7926365957437,2658.293005350739,3731770,M&M
2024-08-06,2611.96533203125,2726.842454117056,2604.7731145533608,2666.874289240377,3069277,M&M
2024-08-07,2659.483642578125,2683.193061988776,2639.791750791065,2676.0008447045843,2479171,M&M
2024-08-08,2661.566650390625,2694.8493029577785,2635.3275071994617,2639.295626916683,2673182,M&M
2024-08-09,2727.239013671875,2742.9627851045575,2683.440988682759,2712.209856953295,2279076,M&M
2024-08-12,2695.990234375,2735.0267117783114,2687.111614308192,2727.239179395318,2321474,M&M
2024-08-13,2696.38720703125,2716.8228798438963,2682.5484368824914,2696.43685697053,1292521,M&M
2024-08-14,2723.370361328125,2749.857513926392,2693.659111225326,2707.051516244151,2609359,M&M
2024-08-16,2817.8115234375,2822.3749582480204,2754.0239469407784,2766.7716291304046,4376092,M&M
2024-08-19,2743.111572265625,2837.1064118408203,2738.002714802525,2837.1064118408203,2500718,M&M
2024-08-20,2749.212646484375,2761.0177060011893,2726.5943152050722,2757.5952511156265,1762399,M&M
2024-08-21,2747.32763671875,2758.7856310387847,2733.0425023683247,2751.891071350175,1497501,M&M
2024-08-22,2711.168212890625,2753.6271433380057,2702.3392431826874,2749.014300932306,2346622,M&M
2024-08-23,2737.0107421875,2746.9310420866937,2703.5793799661824,2711.1683125111367,1943539,M&M
2024-08-26,2770.839111328125,2776.6919914955047,2731.1579110209364,2742.9133212950455,2765969,M&M
2024-08-27,2758.636962890625,2777.683889695287,2751.8414607825516,2775.6501798370828,1604159,M&M
2024-08-28,2775.699951171875,2804.4688212876663,2758.637083542164,2759.728171229661,1851275,M&M
2024-08-29,2735.621826171875,2779.3205507418925,2719.7987550653484,2767.118776384046,2237121,M&M
2024-08-30,2783.040771484375,2799.0622007622155,2742.962857710759,2757.8433072100943,4895220,M&M
2024-09-02,2754.8671875,2826.094986771696,2734.530573404303,2826.094986771696,2270687,M&M
2024-09-03,2762.65478515625,2775.7991823839957,2750.502417907957,2757.8433428779776,1592710,M&M
2024-09-04,2727.685791015625,2757.7441063274014,2709.333235974329,2738.9948361631423,1697000,M&M
2024-09-05,2701.39697265625,2738.0027825449547,2690.286042971224,2734.2330201300224,2360312,M&M
2024-09-06,2676.59619140625,2717.070820917417,2658.739651729622,2701.2976410809906,2835519,M&M
2024-09-09,2687.260498046875,2692.667012978482,2638.8493867668367,2666.7252837826136,1269082,M&M
2024-09-10,2668.560546875,2693.3612954519053,2655.664157615009,2669.8005843038454,2034126,M&M
2024-09-11,2633.095458984375,2686.4170680718426,2623.0264520067117,2660.1282747543005,2034245,M&M
2024-09-12,2719.054931640625,2729.669846402413,2614.5943663381445,2643.7599514765034,3730285,M&M
2024-09-13,2717.269287109375,2736.564220872597,2690.1371715564014,2733.042466170512,2102332,M&M
2024-09-16,2735.42333984375,2762.1090913287017,2710.275525444641,2718.360472814659,1234752,M&M
2024-09-17,2765.43212890625,2771.2356008566667,2723.4198068179862,2742.962747939389,1387175,M&M
2024-09-18,2785.818603515625,2825.301446038983,2755.512038511881,2759.3314508979747,2526756,M&M
2024-09-19,2775.203857421875,2829.2694911053395,2769.946050110941,2789.588292071604,2807727,M&M
2024-09-20,2927.331787109375,2936.4087646220855,2776.1959215523334,2776.3942791109785,12492909,M&M
2024-09-23,3025.492919921875,3032.5361870869665,2932.589171937808,2939.1366663341864,3925490,M&M
2024-09-24,3049.7978515625,3073.854578858387,2995.93057458058,2995.93057458058,3697722,M&M
2024-09-25,3066.414306640625,3123.9023953274877,3010.364612980414,3020.731277793649,4218815,M&M
2024-09-26,3155.74658203125,3171.718118966089,3021.375931070653,3047.5160172239202,4753617,M&M
2024-09-27,3158.276123046875,3196.4198692208993,3127.424136238795,3145.7270407807223,6803795,M&M
2024-09-30,3070.2333984375,3153.6632141935884,3062.396458702613,3137.9394425924897,3554400,M&M
2024-10-01,3140.270751953125,3160.0617006714733,3071.126314083089,3080.74895599129,4028211,M&M
2024-10-03,3104.905029296875,3145.7269647748267,3047.9623649708187,3060.4123892558628,3237011,M&M
2024-10-04,2993.40087890625,3132.4340289017414,2985.514288835084,3102.127463923846,4281562,M&M
2024-10-07,3035.81005859375,3042.5062608754542,2959.126093654679,3003.8667420740658,2732276,M&M
2024-10-08,3140.6181640625,3151.579901428586,3041.563875100811,3049.5001148271017,6060165,M&M
2024-10-09,3127.870361328125,3178.7615450465446,3119.9341219083262,3139.5763629112894,2432656,M&M
2024-10-10,3168.84130859375,3194.6340872194346,3129.854483232118,3130.84651317926,2507231,M&M
2024-10-11,3109.369140625,3184.912123709856,3096.1254440425046,3174.4958093354744,1652856,M&M
2024-10-14,3129.755126953125,3148.7029954799664,3090.173229653464,3125.886307106923,2425178,M&M
2024-10-15,3130.648193359375,3167.5020094619276,3061.950118691862,3151.679180053283,2245701,M&M
2024-10-16,3043.5478515625,3122.8109467770937,3027.8240801580882,3112.9899472630786,1972106,M&M
2024-10-17,2940.97216796875,3040.86953825705,2928.670850931719,3030.6515810505507,3622197,M&M
2024-10-18,2940.624755859375,2965.0287893128716,2891.469623789534,2921.8754868316764,3407751,M&M
2024-10-21,2974.30419921875,2977.4786466748255,2869.843395233673,2936.16069541889,5059952,M&M
2024-10-22,2864.18896484375,2984.968617229165,2855.2606948522202,2981.050147171847,4195638,M&M
2024-10-23,2771.235595703125,2901.588230980345,2759.0832291209294,2853.226772132832,7913897,M&M
2024-10-24,2803.823974609375,2819.547504160087,2740.978779759051,2740.978779759051,3992102,M&M
2024-10-25,2699.164794921875,2802.5342676017467,2657.945901929289,2802.4846176651263,4532596,M&M
2024-10-28,2758.83544921875,2812.305769713308,2692.2701388771093,2708.2419188663025,2813985,M&M
2024-10-29,2725.007080078125,2775.650259458735,2681.010695380092,2739.986829790899,3156567,M&M
2024-10-30,2686.119384765625,2733.8857710651882,2647.7775249669007,2667.816481052345,5677865,M&M
2024-10-31,2706.803466796875,2730.066521530106,2650.307407531937,2686.1195447104064,3833325,M&M
2024-11-01,2795.193115234375,2818.257811765744,2757.8432841808585,2757.8432841808585,1061709,M&M
2024-11-04,2860.96484375,2948.065125387942,2782.148109413808,2782.148109413808,7559263,M&M
2024-11-05,2876.34130859375,2884.823213454667,2799.6079341167238,2852.5822387513394,3562624,M&M
2024-11-06,2911.16162109375,2930.2581981749395,2862.403202346185,2886.8072366889055,2902347,M&M
2024-11-07,2868.305908203125,2948.8586921364476,2835.171962378425,2948.0650197332257,4251557,M&M
2024-11-08,2951.18994140625,2967.1120712981915,2828.5255291464473,2886.8072914743225,4455563,M&M
2024-11-11,2907.2431640625,2985.613532692672,2866.0242698439965,2938.740116011968,2628672,M&M
2024-11-12,2875.448486328125,2922.4209595736393,2857.046282148242,2907.838167614137,2414528,M&M
2024-11-13,2776.642333984375,2871.9268644011395,2760.7202039655695,2853.0782943066242,3949602,M&M
2024-11-14,2784.826416015625,2819.7458216764066,2714.4419397847905,2792.564298033508,2478112,M&M
2024-11-18,2824.2099609375,2851.7884419196735,2777.733503209442,2821.3331709673917,2405351,M&M
2024-11-19,2925.44677734375,2974.105896572196,2822.3253087884914,2822.3253087884914,5230405,M&M
2024-11-21,2912.847900390625,2950.297030485047,2894.7433540535867,2938.888686217872,3821808,M&M
2024-11-22,2988.9365234375,3039.0836847420433,2873.6130442955828,2920.536108333793,4827125,M&M
2024-11-25,3021.32666015625,3124.547187739079,2998.3113704363586,3050.4922452327405,6299837,M&M
2024-11-26,2961.40771484375,3043.6471418088117,2928.9683843937446,3029.1634078734287,2144702,M&M
2024-11-27,2980.851806640625,3045.5321145098164,2962.2512440520063,3001.8331443626566,3593911,M&M
2024-11-28,2875.59716796875,2976.0402004182206,2868.9506157419205,2971.129700604098,4457143,M&M
2024-11-29,2942.460205078125,2967.806377177945,2879.8630167914685,2879.8630167914685,3542836,M&M
2024-12-02,2992.359130859375,3002.1307230274538,2938.2934970204665,2960.217456427566,2318823,M&M
2024-12-03,3003.17236328125,3017.457497907875,2963.8382298285637,3017.457497907875,2308865,M&M
2024-12-04,3007.5869140625,3027.5268136855943,2979.066051927002,2979.066051927002,3364025,M&M
2024-12-05,3047.119384765625,3074.3009093514693,2992.012070913794,3025.6417903724314,3797063,M&M
2024-12-06,3048.508056640625,3074.3008355122997,3041.514197007612,3050.9881315321322,2688767,M&M
2024-12-09,3026.931396484375,3048.5080479791836,3015.7710595043013,3038.984463544929,1879542,M&M
2024-12-10,3042.45654296875,3056.6922695645653,2981.347643642983,3023.657623940532,2061909,M&M
2024-12-11,3047.565673828125,3090.1733119862115,3023.50894740255,3027.6754247775016,2409385,M&M
2024-12-12,3043.002197265625,3061.4044011293927,3020.731173505833,3060.214013637909,1958999,M&M
2024-12-13,3056.841064453125,3068.448008902681,2976.0899214620486,3026.683450126903,2467964,M&M
2024-12-16,3060.263671875,3067.5052967156726,3015.7710319759826,3064.777214367668,2300493,M&M
2024-12-17,3017.259033203125,3069.0925970646617,3003.8666291432064,3030.750737134003,2564201,M&M
2024-12-18,3026.8818359375,3037.595808193738,3000.444333766322,3001.9820286790614,2014105,M&M
2024-12-19,2990.623046875,3020.731253288993,2946.825020655157,2982.042084527656,2372390,M&M
2024-12-20,2883.186279296875,3000.890533424168,2863.345680728781,2990.622926787257,8046336,M&M
2024-12-23,2886.11279296875,2918.9488391219534,2868.0578962489317,2894.7434051276664,2142508,M&M
2024-12-24,2905.358154296875,2926.6867988691497,2877.680614729851,2886.2119272418695,1858546,M&M
2024-12-26,2951.933837890625,2960.6637499311414,2900.0508650145143,2901.6876175618804,2162163,M&M
2024-12-27,3025.145751953125,3039.5798364955513,2954.3149087769457,2963.39188614965,2290315,M&M
2024-12-30,2978.966796875,3020.334641724635,2967.2113866652467,3003.916496748452,2336275,M&M
2024-12-31,2983.13330078125,2994.839060204899,2947.519280960648,2970.53432690849,1536411,M&M
2025-01-01,3057.436279296875,3062.3467790676855,2971.328031947151,2983.1333335663185,1686613,M&M
2025-01-02,3185.507568359375,3202.3720780336876,3060.4621408352887,3075.292940609911,4298090,M&M
2025-01-03,3165.121337890625,3211.2507324964145,3150.389595638589,3189.376422744382,2257218,M&M
2025-01-06,3080.947509765625,3209.217036671877,3065.4719871467905,3184.0195716544536,2657204,M&M
2025-01-07,3084.072509765625,3106.3435344467307,3057.188400346321,3085.213247368235,1978328,M&M
2025-01-08,3061.503662109375,3110.013828780857,3032.635494284874,3110.013828780857,2715102,M&M
2025-01-09,3101.581787109375,3132.7314321521985,3060.7598495911584,3079.06275460563,2434207,M&M
2025-01-10,3068.199951171875,3124.497651264405,3030.6515203996364,3085.2131680664056,2341303,M&M
2025-01-13,2975.74267578125,3042.40728515983,2969.5921382550227,3029.3122954780797,2207294,M&M
2025-01-14,3025.1953125,3053.914530923433,2975.742522941923,2976.089830300049,2851530,M&M
2025-01-15,2936.65673828125,3039.5301984174966,2927.4804609975404,3032.7349383945593,2440803,M&M
2025-01-16,2956.8447265625,2973.5106368724996,2921.5283615450107,2954.4140592970352,2598449,M&M
2025-01-17,2894.0986328125,2946.6762194594685,2879.962206214023,2946.279262167889,2002830,M&M
2025-01-20,2865.081787109375,2912.550274761421,2854.3678152416883,2886.807146073031,2905527,M&M
2025-01-21,2798.814208984375,2883.83112916227,2786.5128920123034,2876.9862192320716,3381309,M&M
2025-01-22,2803.923095703125,2829.1702103197313,2783.4874233797523,2825.3013902657644,3133157,M&M
2025-01-23,2863.44482421875,2876.2915637376304,2787.60418235832,2803.923026730672,2650506,M&M
2025-01-24,2779.07275390625,2872.9188890808114,2767.7637087484336,2852.0862590149627,2665366,M&M
2025-01-27,2809.0322265625,2824.210091707678,2732.199309807606,2750.204799507101,2022141,M&M
2025-01-28,2847.721435546875,2901.6877710606364,2761.8115400454058,2812.405070412617,2432787,M&M
2025-01-29,2901.04296875,2910.1199461886313,2833.5352801753156,2860.9648122430553,1808565,M&M
2025-01-30,2947.767333984375,2984.9188070153195,2895.7354117665523,2901.042868854463,3055352,M&M
2025-01-31,2966.02099609375,3025.5427961683185,2931.5479535505624,2946.3291036911505,2412370,M&M
2025-02-01,3052.228271484375,3074.2512888216206,2966.169669858871,2966.169669858871,2674573,M&M
2025-02-03,3148.0087890625,3162.5419314150686,3020.4832864883597,3032.2389386482932,3664084,M&M
2025-02-04,3163.63330078125,3244.4837452916513,3112.8414135277903,3199.2967306263213,3862456,M&M
2025-02-05,3153.415283203125,3192.997182329855,3116.958181619888,3163.6332403851457,2264208,M&M
2025-02-06,3114.924560546875,3155.498733000355,3096.373647923391,3144.7351105861917,2341341,M&M
2025-02-07,3172.958251953125,3194.2868965961334,3085.213248360736,3142.7509873976887,4790111,M&M
2025-02-10,3112.24609375,3244.880455298883,3103.863488752934,3183.622603266351,3852783,M&M
2025-02-11,3061.354736328125,3128.8624219949743,3046.6232370772786,3121.769504821768,2470280,M&M
2025-02-12,2963.391845703125,3050.492124560431,2931.54782932948,3044.093579762511,4609887,M&M
2025-02-13,2954.26513671875,3022.715202008741,2947.370577132125,3000.8408935749344,2481783,M&M
2025-02-14,2919.1474609375,2995.9304830625683,2883.8807473750685,2975.0978538757095,1959802,M&M
2025-02-17,2809.379150390625,2931.4484833918077,2769.995610067944,2917.3617066313914,4773279,M&M
2025-02-18,2767.813232421875,2822.3252301684147,2733.9352640433867,2821.333200210535,2301836,M&M
2025-02-19,2735.42333984375,2760.472096562841,2706.2577556309325,2728.082414950537,2671072,M&M
2025-02-20,2816.8193359375,2821.8291355223178,2668.6101612924717,2723.2214573709143,3799854,M&M
2025-02-21,2648.0751953125,2792.7626155477847,2632.2027164037945,2792.7626155477847,8940621,M&M
2025-02-24,2687.607421875,2695.14694617592,2610.179437861698,2647.7278673659985,6167313,M&M
2025-02-25,2755.71044921875,2781.602285180946,2706.406367739902,2718.162019336489,4916248,M&M
2025-02-27,2704.8193359375,2817.365086463056,2681.9529969200253,2814.3889965829894,2669767,M&M
2025-02-28,2564.496826171875,2677.488945249453,2551.699493973278,2673.6201251631455,7549863,M&M
2025-03-03,2591.0830078125,2674.463176068161,2574.317798028891,2592.9680100913397,4340806,M&M
2025-03-04,2592.521484375,2606.360253299035,2529.6762921604645,2540.5886212639016,1984876,M&M
2025-03-05,2704.868896484375,2715.0866109790786,2621.5877903369205,2640.7340163715703,3665710,M&M
2025-03-06,2720.54296875,2744.7982959490487,2673.520843738065,2726.0984336149177,3706264,M&M
2025-03-07,2706.109130859375,2743.905328521271,2686.5165383703697,2699.6112859240566,1886774,M&M
2025-03-10,2681.060302734375,2712.854669622974,2643.859178735405,2673.520778059323,2520931,M&M
2025-03-11,2624.5146484375,2663.6005333147295,2592.3230813832943,2663.352525816283,3616140,M&M
2025-03-12,2632.153076171875,2656.6561671385602,2615.0902097210746,2624.514494107862,3447155,M&M
2025-03-13,2622.43115234375,2664.939732247182,2597.432046237956,2655.763455281349,2446428,M&M
2025-03-17,2683.58984375,2705.31544595459,2613.99903648766,2613.99903648766,2527623,M&M
2025-03-18,2683.58984375,2683.58984375,2683.58984375,2683.58984375,0,M&M
2025-03-19,2766.870849609375,2809.329538007949,2757.396915082217,2772.723729477036,2438912,M&M
2025-03-20,2805.56005859375,2824.3093281726065,2778.675949494721,2781.4040319156816,2354374,M&M
2025-03-21,2779.519287109375,2869.9427226081257,2759.0833727113204,2816.4724037416436,3824316,M&M
2025-03-24,2752.58544921875,2799.6572218284987,2687.805845153216,2792.8619619992596,5395134,M&M
2025-03-25,2714.194091796875,2780.114437144424,2703.3314116886268,2752.5856045247733,3576766,M&M
2025-03-26,2720.394287109375,2772.7238699865816,2715.2357795111557,2729.372207113055,3111504,M&M
2025-03-27,2711.2177734375,2729.074312011183,2674.0663013439935,2713.2018332790203,4325599,M&M
2025-03-28,2644.553466796875,2717.8643826043176,2613.9988961561635,2713.995562709942,6074446,M&M
2025-04-01,2616.875732421875,2706.257728621197,2602.243290524088,2631.657124130426,3300417,M&M
2025-04-02,2616.528564453125,2638.7995877225744,2604.3761979307183,2610.1300199068187,2243574,M&M
2025-04-03,2590.63671875,2631.2602991825,2579.5260310873678,2586.966256155402,2361203,M&M
2025-04-04,2575.85546875,2610.52686778552,2536.6702849090243,2594.108723332173,3598415,M&M
2025-04-07,2471.39453125,2504.5282336069004,2405.672549234822,2405.672549234822,3937471,M&M
2025-04-08,2503.536376953125,2529.676463958626,2434.4415853154774,2489.995264523981,4253527,M&M
2025-04-09,2502.990966796875,2551.451486533107,2495.8978070453895,2519.756176764347,3347213,M&M
2025-04-11,2559.78466796875,2583.24608022962,2511.869571267462,2528.684431069624,3600209,M&M
2025-04-15,2624.911376953125,2668.560696902459,2585.230176999185,2585.230176999185,3287861,M&M
2025-04-16,2613.602294921875,2643.7599095829037,2597.432157730115,2638.799759658733,3070954,M&M
2025-04-17,2658.044921875,2661.4179689847347,2581.658616566358,2611.0227996408507,2638979,M&M
2025-04-21,2741.970703125,2751.891002340358,2644.6524709444143,2678.3814882766324,3120955,M&M
2025-04-22,2794.647705078125,2799.5085550179124,2734.0345774731986,2742.9628471383867,3193757,M&M
2025-04-23,2894.545166015625,2899.703673547391,2803.476764093373,2807.444884070858,3906215,M&M
2025-04-24,2878.275634765625,2904.6637286318046,2842.165841028046,2894.5450714587305,2488496,M&M
2025-04-25,2841.3720703125,2916.1712721735707,2808.5360250244426,2878.2755351818114,2299310,M&M
2025-04-28,2907.2431640625,2921.528298934882,2859.3280674610387,2895.6362195095176,1864672,M&M
2025-04-29,2886.410400390625,2945.8328967146576,2878.6725184462334,2926.4883129510827,2051228,M&M
2025-04-30,2905.45751953125,2925.397177263029,2863.9906169910637,2885.616919482819,2689753,M&M
2025-05-02,2893.94970703125,2976.089834913834,2887.005497416451,2926.48833766527,2868096,M&M
2025-05-05,2997.41845703125,3019.7391306315158,2914.2862998055202,2925.396986669802,4049197,M&M
2025-05-06,3043.944580078125,3134.516962308668,3031.643505663436,3125.489635144685,5683215,M&M
2025-05-07,3095.0341796875,3100.0936293685554,2997.815243470502,2997.815243470502,2942902,M&M
2025-05-08,3008.92626953125,3111.998088956338,2984.5222348183433,3102.4745041428077,3323894,M&M
2025-05-09,2958.332763671875,3032.735013767293,2931.4486537594676,2937.996148645794,2308852,M&M
2025-05-12,3079.955322265625,3087.3955468542435,3009.521196160035,3020.4335255566752,2166730,M&M
2025-05-13,3029.461181640625,3086.205247688247,3010.8109696990773,3025.691419302203,2681662,M&M
2025-05-14,3077.07861328125,3085.213210606587,2993.9464532510224,3013.291037690517,2236302,M&M
2025-05-15,3119.23974609375,3145.4292392734196,3048.507963900762,3060.4123230178493,3590003,M&M
2025-05-16,3110.609375,3124.398495166941,3090.173460055571,3110.0140601201333,2269659,M&M
2025-05-19,3103.06982421875,3131.8386940724404,3078.864389219781,3090.173434284337,2011149,M&M
2025-05-20,3039.083740234375,3110.311538811685,3024.798605886781,3103.2680293156227,2667772,M&M
2025-05-21,3066.06689453125,3107.037779591259,3023.8065643019713,3038.587713565781,1395136,M&M
2025-05-22,2982.33984375,3065.174348925289,2956.7454212568737,3052.0796013365434,3870830,M&M
2025-05-23,2988.688720703125,3006.6445605098133,2960.4158658153005,2995.9305881133573,1828093,M&M
2025-05-26,3055.650634765625,3076.284906375374,3003.5690618585927,3013.787018886935,2164190,M&M
2025-05-27,3015.57275390625,3060.4124601508584,2990.573647079151,3055.6506678516926,2599143,M&M
2025-05-28,2973.907470703125,3020.5328789513123,2969.1456784430707,3015.4734292634766,1491995,M&M
2025-05-29,2985.01806640625,3004.759365181861,2963.391765442311,2975.097767082866,2093429,M&M
2025-05-30,2953.074951171875,2993.351223837699,2933.432708741338,2981.0501487209067,3700191,M&M
2025-06-02,3001.783447265625,3014.283122006738,2938.6904852731127,2953.0749201156655,2967741,M&M
2025-06-03,3022.21923828125,3040.3734347788195,3002.8746542843737,3017.7551035127403,3204094,M&M
2025-06-04,3029.064208984375,3062.39651280439,3015.870404158985,3020.8305540015576,1584653,M&M
2025-06-05,3017.3583984375,3070.332700988586,2970.931348251763,3053.468191807066,3504632,M&M
2025-06-06,3081.740966796875,3088.089861448809,3002.8745876369358,3017.358321442344,2028071,M&M
2025-06-09,3062.793212890625,3115.966115820114,3053.4682281102546,3105.0537862199794,1364639,M&M
2025-06-10,3043.052001953125,3082.137886779174,3035.413419449941,3077.277036693918,1787253,M&M
2025-06-11,3056.146728515625,3099.10167533552,3051.4842360217863,3060.4125058931113,1749787,M&M
2025-06-12,2995.13671875,3069.340606015715,2983.034002032726,3063.388426430681,2278398,M&M
2025-06-13,2982.0419921875,2994.44236640651,2908.631776810961,2908.631776810961,2003184,M&M
2025-06-16,2999.501953125,3020.731297880782,2964.2848887326295,2977.0819786339007,1673726,M&M
2025-06-17,2983.232421875,3018.747142579605,2970.1376749534465,3018.747142579605,1455355,M&M
2025-06-18,3016.8623046875,3050.3927224287986,2962.7966737231704,2976.0897778529916,2161043,M&M
2025-06-19,3070.13427734375,3082.13769418589,3010.0171666776564,3013.78692885251,2482920,M&M
2025-06-20,3159.02001953125,3177.4718731499124,3065.67014821891,3075.292790123237,8315834,M&M
2025-06-23,3110.013916015625,3159.0200990264307,3097.8118991023425,3138.386069671237,1731432,M&M
2025-06-24,3124.99365234375,3190.9636442292385,3111.79960552769,3129.9538021095764,2834887,M&M
2025-06-25,3189.872314453125,3199.792613984934,3135.310667028177,3154.655251115204,2078771,M&M
2025-06-26,3190.169921875,3212.192938051462,3158.1273064505344,3200.189278928195,2907261,M&M
2025-06-27,3177.76953125,3215.6650262329417,3161.6986947822907,3179.4559336963066,5098406,M&M
2025-06-30,3157.829833984375,3194.138228706202,3135.806816518025,3179.852851450725,2083572,M&M
2025-07-01,3150.786376953125,3192.352334398161,3142.94919514098,3162.5914363148963,1407074,M&M
2025-07-02,3139.97314453125,3177.1742675997393,3128.5648001235795,3142.7508768259927,1559309,M&M
2025-07-03,3149.099853515625,3195.3285471955746,3139.5765110793095,3139.973226191099,2102806,M&M
2025-07-04,3162.5,3177.0,3134.10009765625,3161.10009765625,968006,M&M
2025-07-07,3160.199951171875,3173.0,3152.10009765625,3162.5,853459,M&M
2025-07-08,3157.89990234375,3168.0,3123.0,3150.0,1513129,M&M
2025-07-09,3176.300048828125,3189.0,3141.0,3145.0,1245661,M&M
2025-07-10,3162.39990234375,3192.60009765625,3137.60009765625,3172.10009765625,1701384,M&M
2025-07-11,3073.199951171875,3162.39990234375,3062.39990234375,3158.0,3041614,M&M
2025-07-14,3092.10009765625,3104.800048828125,3053.60009765625,3072.800048828125,2958843,M&M
2025-07-15,3128.60009765625,3148.300048828125,3082.89990234375,3086.10009765625,2826720,M&M
2025-07-16,3196.5,3210.0,3082.39990234375,3128.60009765625,2892812,M&M
2025-07-17,3195.0,3238.0,3171.0,3186.300048828125,3267180,M&M
2025-07-18,3192.39990234375,3252.0,3176.699951171875,3208.0,2040381,M&M
2025-07-21,3246.699951171875,3253.60009765625,3152.800048828125,3177.0,2436535,M&M
2025-07-22,3257.199951171875,3271.89990234375,3210.5,3246.699951171875,1854072,M&M
2025-07-23,3268.800048828125,3303.0,3248.0,3260.0,2159800,M&M
2025-07-24,3260.89990234375,3286.5,3243.699951171875,3255.0,1469406,M&M
2025-07-25,3246.39990234375,3259.0,3214.0,3256.0,1475856,M&M
2025-07-28,3209.800048828125,3256.89990234375,3199.199951171875,3246.39990234375,1939520,M&M
2025-07-29,3199.39990234375,3225.89990234375,3186.60009765625,3203.0,1824673,M&M
2025-07-30,3208.89990234375,3241.60009765625,3151.89990234375,3195.0,2199654,M&M
2025-07-31,3203.10009765625,3238.199951171875,3135.60009765625,3225.0,4465859,M&M
2025-08-01,3159.300048828125,3205.0,3116.699951171875,3205.0,3781457,M&M
2025-08-04,3200.199951171875,3223.0,3160.0,3170.0,2684012,M&M
2025-08-05,3212.199951171875,3222.0,3170.10009765625,3195.0,1805644,M&M
2025-08-06,3227.5,3240.10009765625,3178.60009765625,3212.199951171875,1866321,M&M
2025-08-07,3211.10009765625,3229.60009765625,3161.10009765625,3198.0,2374621,M&M
2025-08-08,3144.199951171875,3214.89990234375,3135.60009765625,3207.0,1721037,M&M
2025-08-11,3186.199951171875,3230.0,3130.300048828125,3150.89990234375,2046761,M&M
2025-08-12,3236.5,3253.0,3185.10009765625,3186.10009765625,3315978,M&M
2025-08-13,3282.199951171875,3300.0,3238.699951171875,3255.0,2436029,M&M
2025-08-14,3265.39990234375,3313.5,3262.0,3273.199951171875,1508721,M&M
2025-08-18,3383.10009765625,3432.0,3335.300048828125,3350.0,5787481,M&M
2025-08-19,3354.0,3403.89990234375,3338.10009765625,3400.0,2596242,M&M
2025-08-20,3395.60009765625,3404.199951171875,3335.0,3354.10009765625,2957816,M&M
2025-08-21,3375.10009765625,3410.0,3370.0,3410.0,1964795,M&M
2025-08-22,3403.0,3420.0,3375.39990234375,3380.0,2509867,M&M
2025-08-25,3398.89990234375,3429.0,3381.800048828125,3428.0,1859862,M&M
2025-08-26,3330.800048828125,3414.0,3318.10009765625,3395.0,3122442,M&M
2025-08-28,3295.300048828125,3375.0,3287.300048828125,3375.0,2936428,M&M
2025-08-29,3199.5,3280.0,3187.0,3271.0,3017625,M&M
2025-09-01,3315.39990234375,3324.89990234375,3191.10009765625,3191.10009765625,3525726,M&M
2025-09-02,3234.5,3330.0,3223.0,3325.0,3073407,M&M
2025-09-03,3286.0,3293.699951171875,3232.800048828125,3269.0,2672659,M&M
2025-09-04,3481.5,3550.0,3463.39990234375,3527.0,7600320,M&M
2025-09-05,3561.300048828125,3577.800048828125,3481.5,3511.0,3700943,M&M
2025-09-08,3561.300048828125,3561.300048828125,3561.300048828125,3561.300048828125,0,M&M
2025-09-09,3696.300048828125,3723.800048828125,3673.10009765625,3702.199951171875,2879258,M&M
2025-09-10,3604.39990234375,3708.89990234375,3591.39990234375,3702.0,2298202,M&M
2025-09-11,3595.699951171875,3647.89990234375,3580.0,3620.0,1949934,M&M
2025-09-12,3589.89990234375,3641.0,3582.0,3594.89990234375,2839264,M&M
2025-09-15,3530.300048828125,3603.39990234375,3526.60009765625,3590.0,2550444,M&M
2025-09-16,3608.0,3619.89990234375,3528.89990234375,3545.0,2465043,M&M
2025-09-17,3633.199951171875,3644.89990234375,3593.10009765625,3608.0,2237804,M&M
2025-09-18,3642.199951171875,3650.0,3603.300048828125,3636.10009765625,2480472,M&M
2025-09-19,3592.10009765625,3636.699951171875,3584.5,3601.0,4018342,M&M
2025-09-22,3584.800048828125,3616.60009765625,3569.300048828125,3600.0,1664133,M&M
2025-09-23,3614.60009765625,3679.199951171875,3606.800048828125,3610.0,2523224,M&M
2025-09-24,3574.89990234375,3626.300048828125,3568.0,3614.5,1320014,M&M
2025-09-25,3530.0,3584.10009765625,3521.800048828125,3579.89990234375,2106344,M&M
2025-09-26,3396.5,3547.5,3391.60009765625,3510.0,3046760,M&M
2025-09-29,3418.10009765625,3458.0,3405.0,3419.0,3175716,M&M
2025-09-30,3427.0,3454.0,3393.10009765625,3420.0,2611078,M&M
2025-10-01,3463.39990234375,3501.0,3415.5,3419.199951171875,2364844,M&M
2025-10-03,3462.0,3492.39990234375,3404.199951171875,3462.10009765625,2357702,M&M
2025-10-06,3472.0,3480.0,3425.10009765625,3462.0,1156082,M&M
2025-10-07,3492.800048828125,3521.39990234375,3465.10009765625,3468.10009765625,1508939,M&M
2025-10-08,3426.5,3509.699951171875,3422.60009765625,3500.0,1444911,M&M
2025-10-09,3442.89990234375,3475.0,3424.0,3450.0,1997853,M&M
2025-10-10,3454.89990234375,3473.89990234375,3395.699951171875,3425.0,1416272,M&M
2025-10-13,3459.699951171875,3470.0,3432.0,3432.0,1090517,M&M
2025-10-14,3459.800048828125,3487.10009765625,3428.0,3469.89990234375,1518505,M&M
2025-10-15,3497.199951171875,3500.0,3460.0,3461.0,1319445,M&M
2025-10-16,3560.800048828125,3573.199951171875,3498.300048828125,3503.0,2125552,M&M
2025-10-17,3647.199951171875,3656.0,3560.10009765625,3561.0,3339579,M&M
2025-10-20,3599.10009765625,3676.0,3593.0,3674.0,2827250,M&M
2025-10-21,3621.199951171875,3628.10009765625,3604.300048828125,3608.199951171875,286950,M&M
2025-10-23,3623.60009765625,3650.0,3600.0,3632.10009765625,3724956,M&M
2025-10-24,3625.0,3655.300048828125,3615.10009765625,3630.0,1654500,M&M
2025-10-27,3611.60009765625,3635.300048828125,3593.0,3626.800048828125,1440893,M&M
2025-10-28,3579.10009765625,3624.89990234375,3562.0,3605.0,2851093,M&M
2025-10-29,3534.699951171875,3583.5,3522.10009765625,3580.0,2526473,M&M
2025-10-30,3502.10009765625,3550.0,3496.0,3540.0,2103351,M&M
2025-10-31,3487.199951171875,3526.699951171875,3483.699951171875,3516.10009765625,1915577,M&M
2025-11-03,3548.89990234375,3590.0,3511.0,3511.0,1776510,M&M
2025-11-04,3581.199951171875,3632.800048828125,3537.199951171875,3548.60009765625,3494428,M&M
2025-11-06,3618.5,3674.699951171875,3586.300048828125,3625.0,4535984,M&M
2025-11-07,3690.199951171875,3718.0,3566.800048828125,3615.60009765625,2595934,M&M
2025-11-10,3663.89990234375,3715.800048828125,3645.10009765625,3690.199951171875,1620889,M&M
2025-11-11,3749.10009765625,3759.0,3670.0,3699.89990234375,3044040,M&M
2025-11-12,3754.300048828125,3781.0,3740.0,3761.0,1984901,M&M
2025-11-13,3699.5,3754.10009765625,3690.199951171875,3748.199951171875,1599079,M&M
2025-11-14,3698.60009765625,3716.800048828125,3660.5,3700.0,1847028,M&M
2025-11-17,3734.89990234375,3754.5,3682.300048828125,3710.0,2094008,M&M
2025-11-18,3694.800048828125,3732.699951171875,3688.0,3718.5,2613743,M&M
2025-11-19,3722.5,3746.5,3667.800048828125,3695.0,1626043,M&M
2025-11-20,3716.699951171875,3759.0,3711.10009765625,3744.800048828125,1815617,M&M
2025-11-21,3749.60009765625,3779.0,3726.0,3730.0,3184145,M&M
2025-11-24,3690.800048828125,3749.5,3677.199951171875,3745.10009765625,4059935,M&M
2025-11-25,3669.300048828125,3695.800048828125,3653.0,3687.0,1714176,M&M
2025-11-26,3686.39990234375,3708.0,3669.300048828125,3681.0,2116524,M&M
2025-11-27,3681.199951171875,3717.60009765625,3665.0,3701.5,1993274,M&M
2025-11-28,3757.300048828125,3768.89990234375,3690.10009765625,3692.0,2944457,M&M
2025-12-01,3741.60009765625,3795.0,3730.0,3790.0,1830158,M&M
2025-12-02,3716.5,3748.0,3705.5,3722.800048828125,2285922,M&M
2025-12-03,3649.39990234375,3740.0,3640.0,3736.0,2002476,M&M
2025-12-04,3671.60009765625,3678.199951171875,3620.199951171875,3675.0,1984001,M&M
2025-12-05,3717.10009765625,3721.5,3642.5,3659.300048828125,2393280,M&M
2025-12-08,3681.699951171875,3725.0,3671.60009765625,3720.0,1500195,M&M
2025-12-09,3635.89990234375,3674.39990234375,3604.5,3658.0,3901255,M&M
2025-12-10,3630.0,3694.89990234375,3626.199951171875,3660.0,1593915,M&M
2025-12-11,3665.199951171875,3669.10009765625,3615.89990234375,3623.39990234375,981456,M&M
2025-12-12,3679.60009765625,3695.0,3661.300048828125,3665.39990234375,1078982,M&M
2025-12-15,3608.0,3665.39990234375,3603.60009765625,3632.0,1704069,M&M
2025-12-16,3621.0,3633.5,3577.89990234375,3581.0,1394406,M&M
2025-12-17,3612.800048828125,3647.89990234375,3594.0,3647.89990234375,1209367,M&M
2025-12-18,3586.60009765625,3611.89990234375,3540.10009765625,3600.0,2446168,M&M
2025-12-19,3603.60009765625,3615.0,3560.0,3571.0,1647819,M&M
2025-12-22,3616.699951171875,3625.0,3576.89990234375,3600.0,1400786,M&M
2025-12-23,3625.10009765625,3637.5,3605.0,3619.199951171875,1413628,M&M
2025-12-24,3636.699951171875,3658.0,3612.10009765625,3624.60009765625,842897,M&M
2025-12-26,3623.10009765625,3647.0,3614.60009765625,3636.699951171875,829910,M&M
2025-12-29,3592.10009765625,3640.199951171875,3588.10009765625,3622.699951171875,1034692,M&M
2025-12-30,3660.300048828125,3666.0,3575.199951171875,3590.0,2063179,M&M
2025-12-31,3709.199951171875,3723.60009765625,3640.39990234375,3653.0,1868363,M&M
2026-01-01,3761.0,3774.0,3721.10009765625,3725.0,1498161,M&M
2026-01-02,3802.39990234375,3812.0,3743.199951171875,3759.89990234375,1478292,M&M
2026-01-05,3790.300048828125,3839.89990234375,3785.0,3805.89990234375,1574098,M&M
2026-01-06,3785.60009765625,3819.10009765625,3758.10009765625,3788.0,1299489,M&M
2026-01-07,3748.800048828125,3808.60009765625,3718.5,3800.0,1046776,M&M
2026-01-08,3724.0,3756.800048828125,3693.199951171875,3730.0,1261005,M&M
2026-01-09,3677.300048828125,3748.5,3667.10009765625,3712.10009765625,1235928,M&M
2026-01-12,3682.0,3717.0,3598.800048828125,3675.300048828125,1665237,M&M
2026-01-13,3661.5,3717.0,3631.5,3717.0,1700985,M&M
2026-01-14,3649.5,3682.0,3635.10009765625,3663.0,1573135,M&M
2026-01-15,3649.5,3649.5,3649.5,3649.5,0,M&M
2026-01-16,3658.199951171875,3729.89990234375,3650.10009765625,3650.10009765625,2089943,M&M
2026-01-19,3657.39990234375,3689.0,3614.0,3689.0,1715818,M&M
2026-01-20,3557.5,3677.5,3540.0,3646.0,1753439,M&M
2026-01-21,3553.300048828125,3586.699951171875,3517.10009765625,3543.0,1587467,M&M
2026-01-22,3573.699951171875,3620.0,3533.39990234375,3600.0,2107171,M&M
2026-01-23,3543.39990234375,3596.0,3534.800048828125,3573.699951171875,1922549,M&M
2026-01-27,3393.5,3497.699951171875,3344.10009765625,3437.199951171875,7139715,M&M
2026-01-28,3449.199951171875,3456.89990234375,3376.0,3379.0,3964878,M&M
2026-01-29,3384.39990234375,3479.60009765625,3321.0,3449.199951171875,5592638,M&M
2026-01-30,3431.800048828125,3452.39990234375,3282.800048828125,3283.0,5291090,M&M
2026-02-02,3463.199951171875,3472.10009765625,3343.699951171875,3355.0,2950641,M&M
2026-02-03,3527.89990234375,3643.800048828125,3513.0,3638.0,5492214,M&M
2026-02-04,3574.0,3620.0,3519.10009765625,3549.0,2395062,M&M
2026-02-05,3572.0,3598.800048828125,3528.10009765625,3592.0,1251428,M&M
2026-02-06,3578.0,3590.0,3530.60009765625,3577.0,1462031,M&M
2026-02-09,3609.60009765625,3619.10009765625,3557.10009765625,3593.800048828125,1294690,M&M
2026-02-10,3675.800048828125,3699.0,3601.0,3616.300048828125,1917432,M&M
2026-02-11,3674.89990234375,3787.0,3666.10009765625,3704.699951171875,4787745,M&M
2026-02-12,3593.10009765625,3699.0,3582.199951171875,3698.199951171875,2554236,M&M
2026-02-13,3533.39990234375,3596.5,3520.300048828125,3530.0,1632115,M&M
2026-02-16,3509.699951171875,3549.5,3469.0,3535.0,1562001,M&M
2026-02-17,3489.199951171875,3515.800048828125,3462.0,3509.699951171875,1991583,M&M
2026-02-18,3530.5,3545.0,3483.199951171875,3491.10009765625,1682427,M&M
2026-02-19,3431.800048828125,3546.5,3421.300048828125,3534.89990234375,2479531,M&M
2026-02-20,3412.800048828125,3449.89990234375,3402.5,3443.0,2260853,M&M
2026-02-23,3447.10009765625,3457.60009765625,3416.89990234375,3425.0,1789276,M&M
2026-02-24,3433.199951171875,3441.0,3390.0,3415.0,1929400,M&M
2026-02-25,3491.300048828125,3500.89990234375,3425.39990234375,3435.0,2273269,M&M
2026-02-26,3484.60009765625,3507.0,3461.60009765625,3505.0,1998012,M&M
2026-02-27,3397.39990234375,3488.10009765625,3381.10009765625,3460.0,3765500,M&M
2026-03-02,3334.300048828125,3374.89990234375,3283.0,3299.89990234375,2997529,M&M
2026-03-04,3264.300048828125,3278.10009765625,3207.89990234375,3240.0,4537215,M&M
2026-03-05,3348.0,3360.60009765625,3276.199951171875,3277.300048828125,2304760,M&M
2026-03-06,3332.5,3367.0,3315.0,3315.0,2084605,M&M
2026-03-09,3187.60009765625,3250.0,3142.89990234375,3250.0,3961149,M&M
2026-03-10,3293.699951171875,3309.39990234375,3228.89990234375,3278.0,2672336,M&M
2026-03-11,3168.199951171875,3292.89990234375,3156.0,3276.0,4574950,M&M
2026-03-12,3031.199951171875,3142.800048828125,3020.0,3115.10009765625,6968585,M&M
2026-03-13,2931.10009765625,3025.0,2922.60009765625,2965.0,7217643,M&M
2026-03-16,3036.10009765625,3043.699951171875,2896.0,2902.0,5378638,M&M
2026-03-17,3128.89990234375,3139.300048828125,3024.5,3052.0,3491894,M&M
2026-03-18,3214.60009765625,3236.199951171875,3140.10009765625,3140.10009765625,3746758,M&M
2026-03-19,3045.39990234375,3147.89990234375,3032.60009765625,3136.300048828125,3059501,M&M
2026-03-20,3066.10009765625,3106.60009765625,3043.199951171875,3059.199951171875,4471960,M&M
2026-03-23,2955.800048828125,3019.699951171875,2935.0,3015.10009765625,3978740,M&M
2026-03-24,3031.300048828125,3057.300048828125,2965.89990234375,3030.0,3944279,M&M
2026-03-25,3128.10009765625,3157.89990234375,3082.89990234375,3099.89990234375,3328790,M&M
2026-03-27,3041.300048828125,3105.199951171875,3030.0,3100.0,3155168,M&M
2026-03-30,2954.699951171875,3023.699951171875,2945.0,2980.0,5416854,M&M
2026-04-01,3031.5,3079.89990234375,3010.10009765625,3079.89990234375,3522875,M&M
2026-04-02,3011.699951171875,3028.800048828125,2928.10009765625,2975.0,3297975,M&M
2026-04-06,3021.60009765625,3030.0,2961.0,3006.10009765625,2554900,M&M
2026-04-07,3006.60009765625,3017.0,2949.5,3001.60009765625,2292715,M&M
2026-04-08,3210.10009765625,3231.0,3109.0,3125.0,4227961,M&M
2026-04-09,3166.800048828125,3199.89990234375,3131.0,3179.89990234375,3039565,M&M
2026-04-10,3259.800048828125,3270.0,3180.0,3180.0,2801451,M&M
2026-04-13,3220.199951171875,3249.199951171875,3183.10009765625,3194.60009765625,3183080,M&M
2026-04-15,3256.5,3301.89990234375,3225.0,3250.0,2591177,M&M
2026-04-16,3222.300048828125,3288.0,3201.0,3273.0,2678634,M&M
2026-04-17,3200.199951171875,3242.5,3185.0,3210.0,2180404,M&M
2026-04-20,3221.60009765625,3235.5,3162.60009765625,3207.0,3201466,M&M
2026-04-21,3247.300048828125,3262.300048828125,3212.0,3212.0,1972188,M&M
2026-04-22,3149.699951171875,3249.89990234375,3143.0,3214.10009765625,3096787,M&M
2026-04-23,3047.699951171875,3114.699951171875,3032.199951171875,3105.0,4540875,M&M
2026-04-24,3038.39990234375,3089.0,3035.0,3047.699951171875,2300917,M&M
2026-04-27,3102.39990234375,3114.0,3050.0,3050.0,1816150,M&M
2026-04-28,3088.10009765625,3144.0,3075.0,3115.89990234375,2645344,M&M
2026-04-29,3152.300048828125,3192.0,3092.0,3100.0,3917359,M&M
2026-04-30,3097.5,3117.300048828125,3047.0,3105.39990234375,3331158,M&M
2026-05-01,3097.5,3097.5,3097.5,3097.5,0,M&M
2026-05-04,3106.5,3172.0,3081.5,3131.5,2873467,M&M
2026-05-05,3210.800048828125,3222.0,3070.199951171875,3114.0,6454419,M&M
2026-05-06,3300.800048828125,3315.699951171875,3243.5,3245.0,6007370,M&M
2026-05-07,3370.699951171875,3399.0,3305.0,3311.89990234375,4916193,M&M
2026-05-08,3330.39990234375,3363.0,3317.60009765625,3357.800048828125,2071348,M&M
2026-05-11,3245.89990234375,3292.0,3224.199951171875,3235.0,2320887,M&M
2026-05-12,3176.0,3261.60009765625,3166.300048828125,3240.0,2638081,M&M
2026-05-13,3111.800048828125,3189.60009765625,3103.60009765625,3176.0,2692484,M&M
2026-05-14,3173.89990234375,3181.0,3101.10009765625,3137.0,2167959,M&M
2026-05-15,3123.10009765625,3188.89990234375,3111.0,3170.0,2196383,M&M
2026-05-18,3083.699951171875,3111.699951171875,3050.0,3100.0,1962357,M&M
2026-05-19,3092.300048828125,3158.800048828125,3075.0,3099.10009765625,3151874,M&M
2026-05-20,3122.199951171875,3142.800048828125,3033.0,3078.0,2330606,M&M
2026-05-21,3099.0,3157.699951171875,3079.800048828125,3147.0,1877207,M&M
2026-05-22,3081.300048828125,3131.699951171875,3072.60009765625,3095.0,2407171,M&M
2026-05-25,3139.0,3173.699951171875,3111.39990234375,3134.699951171875,2423710,M&M
2026-05-26,3107.300048828125,3159.199951171875,3103.0,3122.0,1791919,M&M
2026-05-27,3121.60009765625,3141.300048828125,3104.0,3110.89990234375,1408612,M&M
